"","id","roi","int","index","time"
"1","24_05_08_cell7_ch0","Max",0.0327,0,0
"2","24_05_08_cell7_ch0","Max",0.002,1,1
"3","24_05_08_cell7_ch0","Max",-0.006,2,2
"4","24_05_08_cell7_ch0","Max",-0.0287,3,3
"5","24_05_08_cell7_ch0","Max",0.0109,4,4
"6","24_05_08_cell7_ch0","Max",0.0019,5,5
"7","24_05_08_cell7_ch0","Max",0.1192,6,6
"8","24_05_08_cell7_ch0","Max",0.3136,7,7
"9","24_05_08_cell7_ch0","Max",0.5607,8,8
"10","24_05_08_cell7_ch0","Max",0.7123,9,9
"11","24_05_08_cell7_ch0","Max",0.7548,10,10
"12","24_05_08_cell7_ch0","Max",0.8721,11,11
"13","24_05_08_cell7_ch0","Max",0.9181,12,12
"14","24_05_08_cell7_ch0","Max",0.9344,13,13
"15","24_05_08_cell7_ch0","Max",0.9123,14,14
"16","24_05_08_cell7_ch0","Max",0.9976,15,15
"17","24_05_08_cell7_ch0","Max",1.0837,16,16
"18","24_05_08_cell7_ch0","Max",1.1156,17,17
"19","24_05_08_cell7_ch0","Max",1.1284,18,18
"20","24_05_08_cell7_ch0","Max",1.1528,19,19
"21","24_05_08_cell7_ch0","Max",1.1304,20,20
"22","24_05_08_cell7_ch0","Max",1.1872,21,21
"23","24_05_08_cell7_ch0","Max",1.156,22,22
"24","24_05_08_cell7_ch0","Max",1.1947,23,23
"25","24_05_08_cell7_ch0","Max",1.2191,24,24
"26","24_05_08_cell7_ch0","Max",1.2869,25,25
"27","24_05_08_cell7_ch0","Max",1.2819,26,26
"28","24_05_08_cell7_ch0","Max",1.2401,27,27
"29","24_05_08_cell7_ch0","Max",1.1221,28,28
"30","24_05_08_cell7_ch0","Max",0.9629,29,29
"31","24_05_08_cell7_ch0","Max",0.9343,30,30
"32","24_05_08_cell7_ch0","Max",0.8614,31,31
"33","24_05_08_cell7_ch0","Max",0.6662,32,32
"34","24_05_08_cell7_ch0","Max",0.6572,33,33
"35","24_05_08_cell7_ch0","Max",0.5524,34,34
"36","24_05_08_cell7_ch0","Max",0.4469,35,35
"37","24_05_08_cell7_ch0","Max",0.4625,36,36
"38","24_05_08_cell7_ch0","Max",0.5171,37,37
"39","24_05_08_cell7_ch0","Max",0.4796,38,38
"40","24_05_08_cell7_ch0","Max",0.4791,39,39
"41","24_05_08_cell7_ch0","Max",0.4798,40,40
"42","24_05_08_cell7_ch0","Max",0.351,41,41
"43","24_05_08_cell7_ch0","Max",0.4555,42,42
"44","24_05_08_cell7_ch0","Max",0.4008,43,43
"45","24_05_08_cell7_ch0","Max",0.3376,44,44
"46","24_05_08_cell7_ch0","Max",0.3219,45,45
"47","24_05_08_cell7_ch0","Max",0.3125,46,46
"48","24_05_08_cell7_ch0","Max",0.3509,47,47
"49","24_05_08_cell7_ch0","Max",0.4172,48,48
"50","24_05_08_cell7_ch0","Max",0.3546,49,49
"51","24_05_08_cell7_ch0","Max",0.3624,50,50
"52","24_05_08_cell7_ch0","Max",0.3496,51,51
"53","24_05_08_cell7_ch0","Max",0.3204,52,52
"54","24_05_08_cell7_ch0","Max",0.3332,53,53
"55","24_05_08_cell7_ch0","Max",0.3803,54,54
"56","24_05_08_cell7_ch0","Max",0.3061,55,55
"57","24_05_08_cell7_ch0","Max",0.2498,56,56
"58","24_05_08_cell7_ch0","Max",0.2836,57,57
"59","24_05_08_cell7_ch0","Max",0.3761,58,58
"60","24_05_08_cell7_ch0","Max",0.2922,59,59
"61","24_05_08_cell7_ch0","Max",0.279,60,60
"62","24_05_08_cell7_ch0","Max",0.0029,0,0
"63","24_05_08_cell7_ch0","Max",-0.0091,1,1
"64","24_05_08_cell7_ch0","Max",0.021,2,2
"65","24_05_08_cell7_ch0","Max",-0.0148,3,3
"66","24_05_08_cell7_ch0","Max",0.0272,4,4
"67","24_05_08_cell7_ch0","Max",0.0275,5,5
"68","24_05_08_cell7_ch0","Max",0.0707,6,6
"69","24_05_08_cell7_ch0","Max",0.3025,7,7
"70","24_05_08_cell7_ch0","Max",0.486,8,8
"71","24_05_08_cell7_ch0","Max",0.58,9,9
"72","24_05_08_cell7_ch0","Max",0.6892,10,10
"73","24_05_08_cell7_ch0","Max",0.7732,11,11
"74","24_05_08_cell7_ch0","Max",0.7926,12,12
"75","24_05_08_cell7_ch0","Max",0.8053,13,13
"76","24_05_08_cell7_ch0","Max",0.8029,14,14
"77","24_05_08_cell7_ch0","Max",0.8485,15,15
"78","24_05_08_cell7_ch0","Max",0.855,16,16
"79","24_05_08_cell7_ch0","Max",0.8902,17,17
"80","24_05_08_cell7_ch0","Max",0.9092,18,18
"81","24_05_08_cell7_ch0","Max",0.9446,19,19
"82","24_05_08_cell7_ch0","Max",0.9453,20,20
"83","24_05_08_cell7_ch0","Max",0.9999,21,21
"84","24_05_08_cell7_ch0","Max",0.9701,22,22
"85","24_05_08_cell7_ch0","Max",0.9568,23,23
"86","24_05_08_cell7_ch0","Max",1.0299,24,24
"87","24_05_08_cell7_ch0","Max",1.0308,25,25
"88","24_05_08_cell7_ch0","Max",1.0122,26,26
"89","24_05_08_cell7_ch0","Max",1.019,27,27
"90","24_05_08_cell7_ch0","Max",0.9102,28,28
"91","24_05_08_cell7_ch0","Max",0.8035,29,29
"92","24_05_08_cell7_ch0","Max",0.7648,30,30
"93","24_05_08_cell7_ch0","Max",0.6796,31,31
"94","24_05_08_cell7_ch0","Max",0.5673,32,32
"95","24_05_08_cell7_ch0","Max",0.515,33,33
"96","24_05_08_cell7_ch0","Max",0.4666,34,34
"97","24_05_08_cell7_ch0","Max",0.3767,35,35
"98","24_05_08_cell7_ch0","Max",0.4512,36,36
"99","24_05_08_cell7_ch0","Max",0.476,37,37
"100","24_05_08_cell7_ch0","Max",0.4737,38,38
"101","24_05_08_cell7_ch0","Max",0.4149,39,39
"102","24_05_08_cell7_ch0","Max",0.3382,40,40
"103","24_05_08_cell7_ch0","Max",0.3169,41,41
"104","24_05_08_cell7_ch0","Max",0.4175,42,42
"105","24_05_08_cell7_ch0","Max",0.3371,43,43
"106","24_05_08_cell7_ch0","Max",0.2785,44,44
"107","24_05_08_cell7_ch0","Max",0.237,45,45
"108","24_05_08_cell7_ch0","Max",0.2388,46,46
"109","24_05_08_cell7_ch0","Max",0.2273,47,47
"110","24_05_08_cell7_ch0","Max",0.2893,48,48
"111","24_05_08_cell7_ch0","Max",0.3403,49,49
"112","24_05_08_cell7_ch0","Max",0.3283,50,50
"113","24_05_08_cell7_ch0","Max",0.3584,51,51
"114","24_05_08_cell7_ch0","Max",0.2999,52,52
"115","24_05_08_cell7_ch0","Max",0.3398,53,53
"116","24_05_08_cell7_ch0","Max",0.3469,54,54
"117","24_05_08_cell7_ch0","Max",0.2455,55,55
"118","24_05_08_cell7_ch0","Max",0.1813,56,56
"119","24_05_08_cell7_ch0","Max",0.2086,57,57
"120","24_05_08_cell7_ch0","Max",0.3633,58,58
"121","24_05_08_cell7_ch0","Max",0.231,59,59
"122","24_05_08_cell7_ch0","Max",0.1664,60,60
"123","24_05_08_cell7_ch0","Max",-0.0954,0,0
"124","24_05_08_cell7_ch0","Max",0.1074,1,1
"125","24_05_08_cell7_ch0","Max",0.0152,2,2
"126","24_05_08_cell7_ch0","Max",-0.0272,3,3
"127","24_05_08_cell7_ch0","Max",-0.0278,4,4
"128","24_05_08_cell7_ch0","Max",0.03,5,5
"129","24_05_08_cell7_ch0","Max",0.0475,6,6
"130","24_05_08_cell7_ch0","Max",0.4169,7,7
"131","24_05_08_cell7_ch0","Max",0.6881,8,8
"132","24_05_08_cell7_ch0","Max",0.7403,9,9
"133","24_05_08_cell7_ch0","Max",0.8137,10,10
"134","24_05_08_cell7_ch0","Max",0.8829,11,11
"135","24_05_08_cell7_ch0","Max",0.9163,12,12
"136","24_05_08_cell7_ch0","Max",0.9358,13,13
"137","24_05_08_cell7_ch0","Max",0.924,14,14
"138","24_05_08_cell7_ch0","Max",0.9957,15,15
"139","24_05_08_cell7_ch0","Max",0.995,16,16
"140","24_05_08_cell7_ch0","Max",0.9948,17,17
"141","24_05_08_cell7_ch0","Max",1.0579,18,18
"142","24_05_08_cell7_ch0","Max",1.0763,19,19
"143","24_05_08_cell7_ch0","Max",1.0325,20,20
"144","24_05_08_cell7_ch0","Max",1.0511,21,21
"145","24_05_08_cell7_ch0","Max",1.0722,22,22
"146","24_05_08_cell7_ch0","Max",1.0239,23,23
"147","24_05_08_cell7_ch0","Max",1.1023,24,24
"148","24_05_08_cell7_ch0","Max",1.104,25,25
"149","24_05_08_cell7_ch0","Max",1.0607,26,26
"150","24_05_08_cell7_ch0","Max",1.0778,27,27
"151","24_05_08_cell7_ch0","Max",0.9459,28,28
"152","24_05_08_cell7_ch0","Max",0.855,29,29
"153","24_05_08_cell7_ch0","Max",0.8488,30,30
"154","24_05_08_cell7_ch0","Max",0.7496,31,31
"155","24_05_08_cell7_ch0","Max",0.6109,32,32
"156","24_05_08_cell7_ch0","Max",0.5553,33,33
"157","24_05_08_cell7_ch0","Max",0.4696,34,34
"158","24_05_08_cell7_ch0","Max",0.3308,35,35
"159","24_05_08_cell7_ch0","Max",0.4527,36,36
"160","24_05_08_cell7_ch0","Max",0.4586,37,37
"161","24_05_08_cell7_ch0","Max",0.4072,38,38
"162","24_05_08_cell7_ch0","Max",0.3296,39,39
"163","24_05_08_cell7_ch0","Max",0.2506,40,40
"164","24_05_08_cell7_ch0","Max",0.4047,41,41
"165","24_05_08_cell7_ch0","Max",0.3874,42,42
"166","24_05_08_cell7_ch0","Max",0.2505,43,43
"167","24_05_08_cell7_ch0","Max",0.2006,44,44
"168","24_05_08_cell7_ch0","Max",0.1964,45,45
"169","24_05_08_cell7_ch0","Max",0.1442,46,46
"170","24_05_08_cell7_ch0","Max",0.0979,47,47
"171","24_05_08_cell7_ch0","Max",0.2811,48,48
"172","24_05_08_cell7_ch0","Max",0.3192,49,49
"173","24_05_08_cell7_ch0","Max",0.3374,50,50
"174","24_05_08_cell7_ch0","Max",0.3709,51,51
"175","24_05_08_cell7_ch0","Max",0.3091,52,52
"176","24_05_08_cell7_ch0","Max",0.3691,53,53
"177","24_05_08_cell7_ch0","Max",0.3327,54,54
"178","24_05_08_cell7_ch0","Max",0.2256,55,55
"179","24_05_08_cell7_ch0","Max",0.101,56,56
"180","24_05_08_cell7_ch0","Max",0.0883,57,57
"181","24_05_08_cell7_ch0","Max",0.1857,58,58
"182","24_05_08_cell7_ch0","Max",0.1123,59,59
"183","24_05_08_cell7_ch0","Max",0.0694,60,60
"184","24_05_08_cell7_ch0_up","Max",0.0103,0,0
"185","24_05_08_cell7_ch0_up","Max",0.0013,1,1
"186","24_05_08_cell7_ch0_up","Max",0.005,2,2
"187","24_05_08_cell7_ch0_up","Max",-0.0166,3,3
"188","24_05_08_cell7_ch0_up","Max",0.0135,4,4
"189","24_05_08_cell7_ch0_up","Max",0.0178,5,5
"190","24_05_08_cell7_ch0_up","Max",0.0287,6,6
"191","24_05_08_cell7_ch0_up","Max",0.1278,7,7
"192","24_05_08_cell7_ch0_up","Max",0.1644,8,8
"193","24_05_08_cell7_ch0_up","Max",0.1638,9,9
"194","24_05_08_cell7_ch0_up","Max",0.214,10,10
"195","24_05_08_cell7_ch0_up","Max",0.2095,11,11
"196","24_05_08_cell7_ch0_up","Max",0.2043,12,12
"197","24_05_08_cell7_ch0_up","Max",0.2138,13,13
"198","24_05_08_cell7_ch0_up","Max",0.1949,14,14
"199","24_05_08_cell7_ch0_up","Max",0.2291,15,15
"200","24_05_08_cell7_ch0_up","Max",0.2289,16,16
"201","24_05_08_cell7_ch0_up","Max",0.2138,17,17
"202","24_05_08_cell7_ch0_up","Max",0.2112,18,18
"203","24_05_08_cell7_ch0_up","Max",0.2364,19,19
"204","24_05_08_cell7_ch0_up","Max",0.2024,20,20
"205","24_05_08_cell7_ch0_up","Max",0.2465,21,21
"206","24_05_08_cell7_ch0_up","Max",0.2431,22,22
"207","24_05_08_cell7_ch0_up","Max",0.211,23,23
"208","24_05_08_cell7_ch0_up","Max",0.2348,24,24
"209","24_05_08_cell7_ch0_up","Max",0.2316,25,25
"210","24_05_08_cell7_ch0_up","Max",0.2068,26,26
"211","24_05_08_cell7_ch0_up","Max",0.205,27,27
"212","24_05_08_cell7_ch0_up","Max",0.1838,28,28
"213","24_05_08_cell7_ch0_up","Max",0.1347,29,29
"214","24_05_08_cell7_ch0_up","Max",0.1664,30,30
"215","24_05_08_cell7_ch0_up","Max",0.1423,31,31
"216","24_05_08_cell7_ch0_up","Max",0.1033,32,32
"217","24_05_08_cell7_ch0_up","Max",0.1142,33,33
"218","24_05_08_cell7_ch0_up","Max",0.1066,34,34
"219","24_05_08_cell7_ch0_up","Max",0.0896,35,35
"220","24_05_08_cell7_ch0_up","Max",0.1203,36,36
"221","24_05_08_cell7_ch0_up","Max",0.1162,37,37
"222","24_05_08_cell7_ch0_up","Max",0.076,38,38
"223","24_05_08_cell7_ch0_up","Max",0.1217,39,39
"224","24_05_08_cell7_ch0_up","Max",0.0948,40,40
"225","24_05_08_cell7_ch0_up","Max",0.0749,41,41
"226","24_05_08_cell7_ch0_up","Max",0.1077,42,42
"227","24_05_08_cell7_ch0_up","Max",0.0891,43,43
"228","24_05_08_cell7_ch0_up","Max",0.0968,44,44
"229","24_05_08_cell7_ch0_up","Max",0.1001,45,45
"230","24_05_08_cell7_ch0_up","Max",0.0961,46,46
"231","24_05_08_cell7_ch0_up","Max",0.0769,47,47
"232","24_05_08_cell7_ch0_up","Max",0.1182,48,48
"233","24_05_08_cell7_ch0_up","Max",0.1031,49,49
"234","24_05_08_cell7_ch0_up","Max",0.0912,50,50
"235","24_05_08_cell7_ch0_up","Max",0.1104,51,51
"236","24_05_08_cell7_ch0_up","Max",0.1236,52,52
"237","24_05_08_cell7_ch0_up","Max",0.0893,53,53
"238","24_05_08_cell7_ch0_up","Max",0.1306,54,54
"239","24_05_08_cell7_ch0_up","Max",0.126,55,55
"240","24_05_08_cell7_ch0_up","Max",0.1028,56,56
"241","24_05_08_cell7_ch0_up","Max",0.1424,57,57
"242","24_05_08_cell7_ch0_up","Max",0.1194,58,58
"243","24_05_08_cell7_ch0_up","Max",0.1149,59,59
"244","24_05_08_cell7_ch0_up","Max",0.1271,60,60
"245","24_05_08_cell7_ch0_up","Max",0.0059,0,0
"246","24_05_08_cell7_ch0_up","Max",0.0054,1,1
"247","24_05_08_cell7_ch0_up","Max",0.008,2,2
"248","24_05_08_cell7_ch0_up","Max",-0.0193,3,3
"249","24_05_08_cell7_ch0_up","Max",0.0143,4,4
"250","24_05_08_cell7_ch0_up","Max",0.0077,5,5
"251","24_05_08_cell7_ch0_up","Max",0.0351,6,6
"252","24_05_08_cell7_ch0_up","Max",0.1183,7,7
"253","24_05_08_cell7_ch0_up","Max",0.1521,8,8
"254","24_05_08_cell7_ch0_up","Max",0.1495,9,9
"255","24_05_08_cell7_ch0_up","Max",0.1722,10,10
"256","24_05_08_cell7_ch0_up","Max",0.1865,11,11
"257","24_05_08_cell7_ch0_up","Max",0.1923,12,12
"258","24_05_08_cell7_ch0_up","Max",0.2021,13,13
"259","24_05_08_cell7_ch0_up","Max",0.1825,14,14
"260","24_05_08_cell7_ch0_up","Max",0.2251,15,15
"261","24_05_08_cell7_ch0_up","Max",0.2085,16,16
"262","24_05_08_cell7_ch0_up","Max",0.2041,17,17
"263","24_05_08_cell7_ch0_up","Max",0.2122,18,18
"264","24_05_08_cell7_ch0_up","Max",0.2257,19,19
"265","24_05_08_cell7_ch0_up","Max",0.2175,20,20
"266","24_05_08_cell7_ch0_up","Max",0.238,21,21
"267","24_05_08_cell7_ch0_up","Max",0.2293,22,22
"268","24_05_08_cell7_ch0_up","Max",0.1983,23,23
"269","24_05_08_cell7_ch0_up","Max",0.2298,24,24
"270","24_05_08_cell7_ch0_up","Max",0.24,25,25
"271","24_05_08_cell7_ch0_up","Max",0.2092,26,26
"272","24_05_08_cell7_ch0_up","Max",0.1935,27,27
"273","24_05_08_cell7_ch0_up","Max",0.1688,28,28
"274","24_05_08_cell7_ch0_up","Max",0.134,29,29
"275","24_05_08_cell7_ch0_up","Max",0.1459,30,30
"276","24_05_08_cell7_ch0_up","Max",0.1426,31,31
"277","24_05_08_cell7_ch0_up","Max",0.1122,32,32
"278","24_05_08_cell7_ch0_up","Max",0.1435,33,33
"279","24_05_08_cell7_ch0_up","Max",0.1279,34,34
"280","24_05_08_cell7_ch0_up","Max",0.0988,35,35
"281","24_05_08_cell7_ch0_up","Max",0.1339,36,36
"282","24_05_08_cell7_ch0_up","Max",0.1263,37,37
"283","24_05_08_cell7_ch0_up","Max",0.0907,38,38
"284","24_05_08_cell7_ch0_up","Max",0.1287,39,39
"285","24_05_08_cell7_ch0_up","Max",0.1272,40,40
"286","24_05_08_cell7_ch0_up","Max",0.092,41,41
"287","24_05_08_cell7_ch0_up","Max",0.1237,42,42
"288","24_05_08_cell7_ch0_up","Max",0.1118,43,43
"289","24_05_08_cell7_ch0_up","Max",0.1164,44,44
"290","24_05_08_cell7_ch0_up","Max",0.1255,45,45
"291","24_05_08_cell7_ch0_up","Max",0.1169,46,46
"292","24_05_08_cell7_ch0_up","Max",0.0993,47,47
"293","24_05_08_cell7_ch0_up","Max",0.1477,48,48
"294","24_05_08_cell7_ch0_up","Max",0.1268,49,49
"295","24_05_08_cell7_ch0_up","Max",0.112,50,50
"296","24_05_08_cell7_ch0_up","Max",0.1327,51,51
"297","24_05_08_cell7_ch0_up","Max",0.1275,52,52
"298","24_05_08_cell7_ch0_up","Max",0.111,53,53
"299","24_05_08_cell7_ch0_up","Max",0.1443,54,54
"300","24_05_08_cell7_ch0_up","Max",0.1402,55,55
"301","24_05_08_cell7_ch0_up","Max",0.1176,56,56
"302","24_05_08_cell7_ch0_up","Max",0.1466,57,57
"303","24_05_08_cell7_ch0_up","Max",0.1374,58,58
"304","24_05_08_cell7_ch0_up","Max",0.1424,59,59
"305","24_05_08_cell7_ch0_up","Max",0.1683,60,60
"306","24_05_08_cell7_ch0_up","Max",9e-04,0,0
"307","24_05_08_cell7_ch0_up","Max",0.0042,1,1
"308","24_05_08_cell7_ch0_up","Max",-7e-04,2,2
"309","24_05_08_cell7_ch0_up","Max",-0.0043,3,3
"310","24_05_08_cell7_ch0_up","Max",0.0071,4,4
"311","24_05_08_cell7_ch0_up","Max",0.0147,5,5
"312","24_05_08_cell7_ch0_up","Max",0.1404,6,6
"313","24_05_08_cell7_ch0_up","Max",0.2357,7,7
"314","24_05_08_cell7_ch0_up","Max",0.2524,8,8
"315","24_05_08_cell7_ch0_up","Max",0.245,9,9
"316","24_05_08_cell7_ch0_up","Max",0.2754,10,10
"317","24_05_08_cell7_ch0_up","Max",0.2881,11,11
"318","24_05_08_cell7_ch0_up","Max",0.2863,12,12
"319","24_05_08_cell7_ch0_up","Max",0.298,13,13
"320","24_05_08_cell7_ch0_up","Max",0.3029,14,14
"321","24_05_08_cell7_ch0_up","Max",0.3309,15,15
"322","24_05_08_cell7_ch0_up","Max",0.3261,16,16
"323","24_05_08_cell7_ch0_up","Max",0.3181,17,17
"324","24_05_08_cell7_ch0_up","Max",0.3304,18,18
"325","24_05_08_cell7_ch0_up","Max",0.3474,19,19
"326","24_05_08_cell7_ch0_up","Max",0.3372,20,20
"327","24_05_08_cell7_ch0_up","Max",0.3723,21,21
"328","24_05_08_cell7_ch0_up","Max",0.3659,22,22
"329","24_05_08_cell7_ch0_up","Max",0.3416,23,23
"330","24_05_08_cell7_ch0_up","Max",0.3816,24,24
"331","24_05_08_cell7_ch0_up","Max",0.4048,25,25
"332","24_05_08_cell7_ch0_up","Max",0.3658,26,26
"333","24_05_08_cell7_ch0_up","Max",0.3422,27,27
"334","24_05_08_cell7_ch0_up","Max",0.2872,28,28
"335","24_05_08_cell7_ch0_up","Max",0.2305,29,29
"336","24_05_08_cell7_ch0_up","Max",0.2497,30,30
"337","24_05_08_cell7_ch0_up","Max",0.213,31,31
"338","24_05_08_cell7_ch0_up","Max",0.1806,32,32
"339","24_05_08_cell7_ch0_up","Max",0.2191,33,33
"340","24_05_08_cell7_ch0_up","Max",0.199,34,34
"341","24_05_08_cell7_ch0_up","Max",0.1726,35,35
"342","24_05_08_cell7_ch0_up","Max",0.2015,36,36
"343","24_05_08_cell7_ch0_up","Max",0.2027,37,37
"344","24_05_08_cell7_ch0_up","Max",0.1681,38,38
"345","24_05_08_cell7_ch0_up","Max",0.2021,39,39
"346","24_05_08_cell7_ch0_up","Max",0.2109,40,40
"347","24_05_08_cell7_ch0_up","Max",0.1767,41,41
"348","24_05_08_cell7_ch0_up","Max",0.2038,42,42
"349","24_05_08_cell7_ch0_up","Max",0.1967,43,43
"350","24_05_08_cell7_ch0_up","Max",0.1946,44,44
"351","24_05_08_cell7_ch0_up","Max",0.2009,45,45
"352","24_05_08_cell7_ch0_up","Max",0.2,46,46
"353","24_05_08_cell7_ch0_up","Max",0.1811,47,47
"354","24_05_08_cell7_ch0_up","Max",0.2227,48,48
"355","24_05_08_cell7_ch0_up","Max",0.2073,49,49
"356","24_05_08_cell7_ch0_up","Max",0.1975,50,50
"357","24_05_08_cell7_ch0_up","Max",0.2111,51,51
"358","24_05_08_cell7_ch0_up","Max",0.211,52,52
"359","24_05_08_cell7_ch0_up","Max",0.1824,53,53
"360","24_05_08_cell7_ch0_up","Max",0.2234,54,54
"361","24_05_08_cell7_ch0_up","Max",0.2157,55,55
"362","24_05_08_cell7_ch0_up","Max",0.1946,56,56
"363","24_05_08_cell7_ch0_up","Max",0.2258,57,57
"364","24_05_08_cell7_ch0_up","Max",0.2093,58,58
"365","24_05_08_cell7_ch0_up","Max",0.2038,59,59
"366","24_05_08_cell7_ch0_up","Max",0.2219,60,60
"367","24_05_9_cell01_ch0","Max",-0.0096,0,0
"368","24_05_9_cell01_ch0","Max",-0.0025,1,1
"369","24_05_9_cell01_ch0","Max",0.0121,2,2
"370","24_05_9_cell01_ch0","Max",0.0059,3,3
"371","24_05_9_cell01_ch0","Max",0.0061,4,4
"372","24_05_9_cell01_ch0","Max",0.0108,5,5
"373","24_05_9_cell01_ch0","Max",0.1011,6,6
"374","24_05_9_cell01_ch0","Max",0.3387,7,7
"375","24_05_9_cell01_ch0","Max",0.4917,8,8
"376","24_05_9_cell01_ch0","Max",0.6324,9,9
"377","24_05_9_cell01_ch0","Max",0.6835,10,10
"378","24_05_9_cell01_ch0","Max",0.7319,11,11
"379","24_05_9_cell01_ch0","Max",0.7763,12,12
"380","24_05_9_cell01_ch0","Max",0.8051,13,13
"381","24_05_9_cell01_ch0","Max",0.8239,14,14
"382","24_05_9_cell01_ch0","Max",0.8651,15,15
"383","24_05_9_cell01_ch0","Max",0.875,16,16
"384","24_05_9_cell01_ch0","Max",0.8894,17,17
"385","24_05_9_cell01_ch0","Max",0.8952,18,18
"386","24_05_9_cell01_ch0","Max",0.9052,19,19
"387","24_05_9_cell01_ch0","Max",0.8998,20,20
"388","24_05_9_cell01_ch0","Max",0.9141,21,21
"389","24_05_9_cell01_ch0","Max",0.9453,22,22
"390","24_05_9_cell01_ch0","Max",0.9435,23,23
"391","24_05_9_cell01_ch0","Max",0.9528,24,24
"392","24_05_9_cell01_ch0","Max",0.9521,25,25
"393","24_05_9_cell01_ch0","Max",0.8674,26,26
"394","24_05_9_cell01_ch0","Max",0.7874,27,27
"395","24_05_9_cell01_ch0","Max",0.6527,28,28
"396","24_05_9_cell01_ch0","Max",0.5597,29,29
"397","24_05_9_cell01_ch0","Max",0.4821,30,30
"398","24_05_9_cell01_ch0","Max",0.4277,31,31
"399","24_05_9_cell01_ch0","Max",0.3789,32,32
"400","24_05_9_cell01_ch0","Max",0.3728,33,33
"401","24_05_9_cell01_ch0","Max",0.351,34,34
"402","24_05_9_cell01_ch0","Max",0.3258,35,35
"403","24_05_9_cell01_ch0","Max",0.298,36,36
"404","24_05_9_cell01_ch0","Max",0.3007,37,37
"405","24_05_9_cell01_ch0","Max",0.287,38,38
"406","24_05_9_cell01_ch0","Max",0.2787,39,39
"407","24_05_9_cell01_ch0","Max",0.2569,40,40
"408","24_05_9_cell01_ch0","Max",0.2325,41,41
"409","24_05_9_cell01_ch0","Max",0.2061,42,42
"410","24_05_9_cell01_ch0","Max",0.2289,43,43
"411","24_05_9_cell01_ch0","Max",0.2127,44,44
"412","24_05_9_cell01_ch0","Max",0.1984,45,45
"413","24_05_9_cell01_ch0","Max",0.2108,46,46
"414","24_05_9_cell01_ch0","Max",0.2135,47,47
"415","24_05_9_cell01_ch0","Max",0.213,48,48
"416","24_05_9_cell01_ch0","Max",0.2036,49,49
"417","24_05_9_cell01_ch0","Max",0.2051,50,50
"418","24_05_9_cell01_ch0","Max",0.2024,51,51
"419","24_05_9_cell01_ch0","Max",0.2033,52,52
"420","24_05_9_cell01_ch0","Max",0.1939,53,53
"421","24_05_9_cell01_ch0","Max",0.1957,54,54
"422","24_05_9_cell01_ch0","Max",0.1893,55,55
"423","24_05_9_cell01_ch0","Max",0.2025,56,56
"424","24_05_9_cell01_ch0","Max",0.2021,57,57
"425","24_05_9_cell01_ch0","Max",0.1921,58,58
"426","24_05_9_cell01_ch0","Max",0.1906,59,59
"427","24_05_9_cell01_ch0","Max",0.1996,60,60
"428","24_05_9_cell01_ch0","Max",-0.0049,0,0
"429","24_05_9_cell01_ch0","Max",-0.0076,1,1
"430","24_05_9_cell01_ch0","Max",0.0125,2,2
"431","24_05_9_cell01_ch0","Max",0.0018,3,3
"432","24_05_9_cell01_ch0","Max",0.0049,4,4
"433","24_05_9_cell01_ch0","Max",0.0103,5,5
"434","24_05_9_cell01_ch0","Max",0.0487,6,6
"435","24_05_9_cell01_ch0","Max",0.2133,7,7
"436","24_05_9_cell01_ch0","Max",0.3608,8,8
"437","24_05_9_cell01_ch0","Max",0.4596,9,9
"438","24_05_9_cell01_ch0","Max",0.5212,10,10
"439","24_05_9_cell01_ch0","Max",0.5644,11,11
"440","24_05_9_cell01_ch0","Max",0.611,12,12
"441","24_05_9_cell01_ch0","Max",0.6238,13,13
"442","24_05_9_cell01_ch0","Max",0.6527,14,14
"443","24_05_9_cell01_ch0","Max",0.671,15,15
"444","24_05_9_cell01_ch0","Max",0.6901,16,16
"445","24_05_9_cell01_ch0","Max",0.6998,17,17
"446","24_05_9_cell01_ch0","Max",0.7077,18,18
"447","24_05_9_cell01_ch0","Max",0.7028,19,19
"448","24_05_9_cell01_ch0","Max",0.7058,20,20
"449","24_05_9_cell01_ch0","Max",0.7253,21,21
"450","24_05_9_cell01_ch0","Max",0.7536,22,22
"451","24_05_9_cell01_ch0","Max",0.7403,23,23
"452","24_05_9_cell01_ch0","Max",0.7355,24,24
"453","24_05_9_cell01_ch0","Max",0.7344,25,25
"454","24_05_9_cell01_ch0","Max",0.6793,26,26
"455","24_05_9_cell01_ch0","Max",0.6121,27,27
"456","24_05_9_cell01_ch0","Max",0.4923,28,28
"457","24_05_9_cell01_ch0","Max",0.4274,29,29
"458","24_05_9_cell01_ch0","Max",0.3765,30,30
"459","24_05_9_cell01_ch0","Max",0.309,31,31
"460","24_05_9_cell01_ch0","Max",0.278,32,32
"461","24_05_9_cell01_ch0","Max",0.2868,33,33
"462","24_05_9_cell01_ch0","Max",0.2621,34,34
"463","24_05_9_cell01_ch0","Max",0.2564,35,35
"464","24_05_9_cell01_ch0","Max",0.2151,36,36
"465","24_05_9_cell01_ch0","Max",0.2281,37,37
"466","24_05_9_cell01_ch0","Max",0.2186,38,38
"467","24_05_9_cell01_ch0","Max",0.2271,39,39
"468","24_05_9_cell01_ch0","Max",0.194,40,40
"469","24_05_9_cell01_ch0","Max",0.1615,41,41
"470","24_05_9_cell01_ch0","Max",0.145,42,42
"471","24_05_9_cell01_ch0","Max",0.1503,43,43
"472","24_05_9_cell01_ch0","Max",0.1433,44,44
"473","24_05_9_cell01_ch0","Max",0.1334,45,45
"474","24_05_9_cell01_ch0","Max",0.144,46,46
"475","24_05_9_cell01_ch0","Max",0.1457,47,47
"476","24_05_9_cell01_ch0","Max",0.1535,48,48
"477","24_05_9_cell01_ch0","Max",0.1462,49,49
"478","24_05_9_cell01_ch0","Max",0.1502,50,50
"479","24_05_9_cell01_ch0","Max",0.1428,51,51
"480","24_05_9_cell01_ch0","Max",0.1396,52,52
"481","24_05_9_cell01_ch0","Max",0.1303,53,53
"482","24_05_9_cell01_ch0","Max",0.1436,54,54
"483","24_05_9_cell01_ch0","Max",0.1295,55,55
"484","24_05_9_cell01_ch0","Max",0.1449,56,56
"485","24_05_9_cell01_ch0","Max",0.1379,57,57
"486","24_05_9_cell01_ch0","Max",0.1342,58,58
"487","24_05_9_cell01_ch0","Max",0.1628,59,59
"488","24_05_9_cell01_ch0","Max",0.1469,60,60
"489","24_05_9_cell01_ch0","Max",-0.0106,0,0
"490","24_05_9_cell01_ch0","Max",6e-04,1,1
"491","24_05_9_cell01_ch0","Max",0.01,2,2
"492","24_05_9_cell01_ch0","Max",0.0141,3,3
"493","24_05_9_cell01_ch0","Max",0.0199,4,4
"494","24_05_9_cell01_ch0","Max",0.032,5,5
"495","24_05_9_cell01_ch0","Max",0.0715,6,6
"496","24_05_9_cell01_ch0","Max",0.2445,7,7
"497","24_05_9_cell01_ch0","Max",0.4015,8,8
"498","24_05_9_cell01_ch0","Max",0.5395,9,9
"499","24_05_9_cell01_ch0","Max",0.5959,10,10
"500","24_05_9_cell01_ch0","Max",0.637,11,11
"501","24_05_9_cell01_ch0","Max",0.7011,12,12
"502","24_05_9_cell01_ch0","Max",0.7307,13,13
"503","24_05_9_cell01_ch0","Max",0.7712,14,14
"504","24_05_9_cell01_ch0","Max",0.8012,15,15
"505","24_05_9_cell01_ch0","Max",0.8197,16,16
"506","24_05_9_cell01_ch0","Max",0.8253,17,17
"507","24_05_9_cell01_ch0","Max",0.8378,18,18
"508","24_05_9_cell01_ch0","Max",0.8504,19,19
"509","24_05_9_cell01_ch0","Max",0.8616,20,20
"510","24_05_9_cell01_ch0","Max",0.8824,21,21
"511","24_05_9_cell01_ch0","Max",0.9119,22,22
"512","24_05_9_cell01_ch0","Max",0.9209,23,23
"513","24_05_9_cell01_ch0","Max",0.9299,24,24
"514","24_05_9_cell01_ch0","Max",0.9377,25,25
"515","24_05_9_cell01_ch0","Max",0.8784,26,26
"516","24_05_9_cell01_ch0","Max",0.791,27,27
"517","24_05_9_cell01_ch0","Max",0.6645,28,28
"518","24_05_9_cell01_ch0","Max",0.5772,29,29
"519","24_05_9_cell01_ch0","Max",0.4925,30,30
"520","24_05_9_cell01_ch0","Max",0.4446,31,31
"521","24_05_9_cell01_ch0","Max",0.3978,32,32
"522","24_05_9_cell01_ch0","Max",0.3852,33,33
"523","24_05_9_cell01_ch0","Max",0.3447,34,34
"524","24_05_9_cell01_ch0","Max",0.3316,35,35
"525","24_05_9_cell01_ch0","Max",0.3106,36,36
"526","24_05_9_cell01_ch0","Max",0.2917,37,37
"527","24_05_9_cell01_ch0","Max",0.2714,38,38
"528","24_05_9_cell01_ch0","Max",0.2634,39,39
"529","24_05_9_cell01_ch0","Max",0.2512,40,40
"530","24_05_9_cell01_ch0","Max",0.2215,41,41
"531","24_05_9_cell01_ch0","Max",0.1919,42,42
"532","24_05_9_cell01_ch0","Max",0.1942,43,43
"533","24_05_9_cell01_ch0","Max",0.181,44,44
"534","24_05_9_cell01_ch0","Max",0.1651,45,45
"535","24_05_9_cell01_ch0","Max",0.1915,46,46
"536","24_05_9_cell01_ch0","Max",0.186,47,47
"537","24_05_9_cell01_ch0","Max",0.1816,48,48
"538","24_05_9_cell01_ch0","Max",0.1718,49,49
"539","24_05_9_cell01_ch0","Max",0.1879,50,50
"540","24_05_9_cell01_ch0","Max",0.178,51,51
"541","24_05_9_cell01_ch0","Max",0.1745,52,52
"542","24_05_9_cell01_ch0","Max",0.1659,53,53
"543","24_05_9_cell01_ch0","Max",0.176,54,54
"544","24_05_9_cell01_ch0","Max",0.1704,55,55
"545","24_05_9_cell01_ch0","Max",0.1702,56,56
"546","24_05_9_cell01_ch0","Max",0.1754,57,57
"547","24_05_9_cell01_ch0","Max",0.1765,58,58
"548","24_05_9_cell01_ch0","Max",0.1691,59,59
"549","24_05_9_cell01_ch0","Max",0.169,60,60
"550","24_05_9_cell02_ch0","Max",-0.02,0,0
"551","24_05_9_cell02_ch0","Max",0.0113,1,1
"552","24_05_9_cell02_ch0","Max",0.0087,2,2
"553","24_05_9_cell02_ch0","Max",0.0047,3,3
"554","24_05_9_cell02_ch0","Max",0.0193,4,4
"555","24_05_9_cell02_ch0","Max",0.0249,5,5
"556","24_05_9_cell02_ch0","Max",0.3473,6,6
"557","24_05_9_cell02_ch0","Max",0.8504,7,7
"558","24_05_9_cell02_ch0","Max",1.0261,8,8
"559","24_05_9_cell02_ch0","Max",1.0925,9,9
"560","24_05_9_cell02_ch0","Max",1.1849,10,10
"561","24_05_9_cell02_ch0","Max",1.2454,11,11
"562","24_05_9_cell02_ch0","Max",1.2826,12,12
"563","24_05_9_cell02_ch0","Max",1.268,13,13
"564","24_05_9_cell02_ch0","Max",1.2974,14,14
"565","24_05_9_cell02_ch0","Max",1.3329,15,15
"566","24_05_9_cell02_ch0","Max",1.359,16,16
"567","24_05_9_cell02_ch0","Max",1.377,17,17
"568","24_05_9_cell02_ch0","Max",1.3911,18,18
"569","24_05_9_cell02_ch0","Max",1.4389,19,19
"570","24_05_9_cell02_ch0","Max",1.4534,20,20
"571","24_05_9_cell02_ch0","Max",1.4552,21,21
"572","24_05_9_cell02_ch0","Max",1.4957,22,22
"573","24_05_9_cell02_ch0","Max",1.5111,23,23
"574","24_05_9_cell02_ch0","Max",1.5101,24,24
"575","24_05_9_cell02_ch0","Max",1.5307,25,25
"576","24_05_9_cell02_ch0","Max",1.5078,26,26
"577","24_05_9_cell02_ch0","Max",1.2614,27,27
"578","24_05_9_cell02_ch0","Max",1.0164,28,28
"579","24_05_9_cell02_ch0","Max",0.7983,29,29
"580","24_05_9_cell02_ch0","Max",0.7144,30,30
"581","24_05_9_cell02_ch0","Max",0.6507,31,31
"582","24_05_9_cell02_ch0","Max",0.6176,32,32
"583","24_05_9_cell02_ch0","Max",0.5777,33,33
"584","24_05_9_cell02_ch0","Max",0.5775,34,34
"585","24_05_9_cell02_ch0","Max",0.5713,35,35
"586","24_05_9_cell02_ch0","Max",0.5887,36,36
"587","24_05_9_cell02_ch0","Max",0.58,37,37
"588","24_05_9_cell02_ch0","Max",0.5543,38,38
"589","24_05_9_cell02_ch0","Max",0.5763,39,39
"590","24_05_9_cell02_ch0","Max",0.5784,40,40
"591","24_05_9_cell02_ch0","Max",0.5681,41,41
"592","24_05_9_cell02_ch0","Max",0.5472,42,42
"593","24_05_9_cell02_ch0","Max",0.571,43,43
"594","24_05_9_cell02_ch0","Max",0.5441,44,44
"595","24_05_9_cell02_ch0","Max",0.5481,45,45
"596","24_05_9_cell02_ch0","Max",0.5613,46,46
"597","24_05_9_cell02_ch0","Max",0.6268,47,47
"598","24_05_9_cell02_ch0","Max",0.6097,48,48
"599","24_05_9_cell02_ch0","Max",0.5712,49,49
"600","24_05_9_cell02_ch0","Max",0.5406,50,50
"601","24_05_9_cell02_ch0","Max",0.5059,51,51
"602","24_05_9_cell02_ch0","Max",0.4916,52,52
"603","24_05_9_cell02_ch0","Max",0.4915,53,53
"604","24_05_9_cell02_ch0","Max",0.4665,54,54
"605","24_05_9_cell02_ch0","Max",0.497,55,55
"606","24_05_9_cell02_ch0","Max",0.538,56,56
"607","24_05_9_cell02_ch0","Max",0.5162,57,57
"608","24_05_9_cell02_ch0","Max",0.5101,58,58
"609","24_05_9_cell02_ch0","Max",0.523,59,59
"610","24_05_9_cell02_ch0","Max",0.4932,60,60
"611","24_05_9_cell02_ch0","Max",-0.0154,0,0
"612","24_05_9_cell02_ch0","Max",0.0071,1,1
"613","24_05_9_cell02_ch0","Max",0.0083,2,2
"614","24_05_9_cell02_ch0","Max",0.0153,3,3
"615","24_05_9_cell02_ch0","Max",0.0269,4,4
"616","24_05_9_cell02_ch0","Max",0.033,5,5
"617","24_05_9_cell02_ch0","Max",0.3707,6,6
"618","24_05_9_cell02_ch0","Max",0.7407,7,7
"619","24_05_9_cell02_ch0","Max",0.8238,8,8
"620","24_05_9_cell02_ch0","Max",0.8901,9,9
"621","24_05_9_cell02_ch0","Max",0.9378,10,10
"622","24_05_9_cell02_ch0","Max",0.9911,11,11
"623","24_05_9_cell02_ch0","Max",1.0187,12,12
"624","24_05_9_cell02_ch0","Max",1.0507,13,13
"625","24_05_9_cell02_ch0","Max",1.0397,14,14
"626","24_05_9_cell02_ch0","Max",1.0832,15,15
"627","24_05_9_cell02_ch0","Max",1.102,16,16
"628","24_05_9_cell02_ch0","Max",1.1107,17,17
"629","24_05_9_cell02_ch0","Max",1.1187,18,18
"630","24_05_9_cell02_ch0","Max",1.1429,19,19
"631","24_05_9_cell02_ch0","Max",1.1811,20,20
"632","24_05_9_cell02_ch0","Max",1.1839,21,21
"633","24_05_9_cell02_ch0","Max",1.2218,22,22
"634","24_05_9_cell02_ch0","Max",1.2348,23,23
"635","24_05_9_cell02_ch0","Max",1.2457,24,24
"636","24_05_9_cell02_ch0","Max",1.2573,25,25
"637","24_05_9_cell02_ch0","Max",1.2119,26,26
"638","24_05_9_cell02_ch0","Max",0.9423,27,27
"639","24_05_9_cell02_ch0","Max",0.7298,28,28
"640","24_05_9_cell02_ch0","Max",0.6002,29,29
"641","24_05_9_cell02_ch0","Max",0.5382,30,30
"642","24_05_9_cell02_ch0","Max",0.5266,31,31
"643","24_05_9_cell02_ch0","Max",0.5484,32,32
"644","24_05_9_cell02_ch0","Max",0.5248,33,33
"645","24_05_9_cell02_ch0","Max",0.5227,34,34
"646","24_05_9_cell02_ch0","Max",0.5202,35,35
"647","24_05_9_cell02_ch0","Max",0.5501,36,36
"648","24_05_9_cell02_ch0","Max",0.5377,37,37
"649","24_05_9_cell02_ch0","Max",0.5417,38,38
"650","24_05_9_cell02_ch0","Max",0.5617,39,39
"651","24_05_9_cell02_ch0","Max",0.5391,40,40
"652","24_05_9_cell02_ch0","Max",0.5623,41,41
"653","24_05_9_cell02_ch0","Max",0.5499,42,42
"654","24_05_9_cell02_ch0","Max",0.5618,43,43
"655","24_05_9_cell02_ch0","Max",0.5596,44,44
"656","24_05_9_cell02_ch0","Max",0.577,45,45
"657","24_05_9_cell02_ch0","Max",0.5873,46,46
"658","24_05_9_cell02_ch0","Max",0.6944,47,47
"659","24_05_9_cell02_ch0","Max",0.6343,48,48
"660","24_05_9_cell02_ch0","Max",0.6209,49,49
"661","24_05_9_cell02_ch0","Max",0.5963,50,50
"662","24_05_9_cell02_ch0","Max",0.574,51,51
"663","24_05_9_cell02_ch0","Max",0.5695,52,52
"664","24_05_9_cell02_ch0","Max",0.56,53,53
"665","24_05_9_cell02_ch0","Max",0.5525,54,54
"666","24_05_9_cell02_ch0","Max",0.6289,55,55
"667","24_05_9_cell02_ch0","Max",0.6514,56,56
"668","24_05_9_cell02_ch0","Max",0.6109,57,57
"669","24_05_9_cell02_ch0","Max",0.59,58,58
"670","24_05_9_cell02_ch0","Max",0.5745,59,59
"671","24_05_9_cell02_ch0","Max",0.5586,60,60
"672","24_05_9_cell02_ch0","Max",-0.015,0,0
"673","24_05_9_cell02_ch0","Max",0.0059,1,1
"674","24_05_9_cell02_ch0","Max",0.009,2,2
"675","24_05_9_cell02_ch0","Max",0.0194,3,3
"676","24_05_9_cell02_ch0","Max",0.0459,4,4
"677","24_05_9_cell02_ch0","Max",0.0474,5,5
"678","24_05_9_cell02_ch0","Max",0.2398,6,6
"679","24_05_9_cell02_ch0","Max",0.5437,7,7
"680","24_05_9_cell02_ch0","Max",0.6557,8,8
"681","24_05_9_cell02_ch0","Max",0.7383,9,9
"682","24_05_9_cell02_ch0","Max",0.7779,10,10
"683","24_05_9_cell02_ch0","Max",0.806,11,11
"684","24_05_9_cell02_ch0","Max",0.8562,12,12
"685","24_05_9_cell02_ch0","Max",0.8409,13,13
"686","24_05_9_cell02_ch0","Max",0.8609,14,14
"687","24_05_9_cell02_ch0","Max",0.9073,15,15
"688","24_05_9_cell02_ch0","Max",0.9153,16,16
"689","24_05_9_cell02_ch0","Max",0.9368,17,17
"690","24_05_9_cell02_ch0","Max",0.9874,18,18
"691","24_05_9_cell02_ch0","Max",1.0034,19,19
"692","24_05_9_cell02_ch0","Max",1.0303,20,20
"693","24_05_9_cell02_ch0","Max",1.0608,21,21
"694","24_05_9_cell02_ch0","Max",1.0898,22,22
"695","24_05_9_cell02_ch0","Max",1.1065,23,23
"696","24_05_9_cell02_ch0","Max",1.1126,24,24
"697","24_05_9_cell02_ch0","Max",1.1327,25,25
"698","24_05_9_cell02_ch0","Max",1.094,26,26
"699","24_05_9_cell02_ch0","Max",0.9138,27,27
"700","24_05_9_cell02_ch0","Max",0.8001,28,28
"701","24_05_9_cell02_ch0","Max",0.7301,29,29
"702","24_05_9_cell02_ch0","Max",0.6915,30,30
"703","24_05_9_cell02_ch0","Max",0.6706,31,31
"704","24_05_9_cell02_ch0","Max",0.7197,32,32
"705","24_05_9_cell02_ch0","Max",0.7226,33,33
"706","24_05_9_cell02_ch0","Max",0.7567,34,34
"707","24_05_9_cell02_ch0","Max",0.7536,35,35
"708","24_05_9_cell02_ch0","Max",0.7915,36,36
"709","24_05_9_cell02_ch0","Max",0.769,37,37
"710","24_05_9_cell02_ch0","Max",0.7716,38,38
"711","24_05_9_cell02_ch0","Max",0.8061,39,39
"712","24_05_9_cell02_ch0","Max",0.787,40,40
"713","24_05_9_cell02_ch0","Max",0.7948,41,41
"714","24_05_9_cell02_ch0","Max",0.7866,42,42
"715","24_05_9_cell02_ch0","Max",0.7791,43,43
"716","24_05_9_cell02_ch0","Max",0.7785,44,44
"717","24_05_9_cell02_ch0","Max",0.8121,45,45
"718","24_05_9_cell02_ch0","Max",0.7987,46,46
"719","24_05_9_cell02_ch0","Max",0.8203,47,47
"720","24_05_9_cell02_ch0","Max",0.8173,48,48
"721","24_05_9_cell02_ch0","Max",0.8116,49,49
"722","24_05_9_cell02_ch0","Max",0.8079,50,50
"723","24_05_9_cell02_ch0","Max",0.779,51,51
"724","24_05_9_cell02_ch0","Max",0.7775,52,52
"725","24_05_9_cell02_ch0","Max",0.7852,53,53
"726","24_05_9_cell02_ch0","Max",0.7774,54,54
"727","24_05_9_cell02_ch0","Max",0.7865,55,55
"728","24_05_9_cell02_ch0","Max",0.8181,56,56
"729","24_05_9_cell02_ch0","Max",0.7963,57,57
"730","24_05_9_cell02_ch0","Max",0.8011,58,58
"731","24_05_9_cell02_ch0","Max",0.7996,59,59
"732","24_05_9_cell02_ch0","Max",0.7963,60,60
"733","24_05_08_cell7_ch0","Mid",-0.0156,0,0
"734","24_05_08_cell7_ch0","Mid",0.0011,1,1
"735","24_05_08_cell7_ch0","Mid",0.0101,2,2
"736","24_05_08_cell7_ch0","Mid",0.0044,3,3
"737","24_05_08_cell7_ch0","Mid",0.0051,4,4
"738","24_05_08_cell7_ch0","Mid",0.1239,5,5
"739","24_05_08_cell7_ch0","Mid",0.1137,6,6
"740","24_05_08_cell7_ch0","Mid",0.4045,7,7
"741","24_05_08_cell7_ch0","Mid",0.5543,8,8
"742","24_05_08_cell7_ch0","Mid",0.6039,9,9
"743","24_05_08_cell7_ch0","Mid",0.6732,10,10
"744","24_05_08_cell7_ch0","Mid",0.6992,11,11
"745","24_05_08_cell7_ch0","Mid",0.7199,12,12
"746","24_05_08_cell7_ch0","Mid",0.757,13,13
"747","24_05_08_cell7_ch0","Mid",0.7558,14,14
"748","24_05_08_cell7_ch0","Mid",0.7892,15,15
"749","24_05_08_cell7_ch0","Mid",0.8116,16,16
"750","24_05_08_cell7_ch0","Mid",0.7907,17,17
"751","24_05_08_cell7_ch0","Mid",0.8224,18,18
"752","24_05_08_cell7_ch0","Mid",0.848,19,19
"753","24_05_08_cell7_ch0","Mid",0.8321,20,20
"754","24_05_08_cell7_ch0","Mid",0.8522,21,21
"755","24_05_08_cell7_ch0","Mid",0.8914,22,22
"756","24_05_08_cell7_ch0","Mid",0.8531,23,23
"757","24_05_08_cell7_ch0","Mid",0.8925,24,24
"758","24_05_08_cell7_ch0","Mid",0.8853,25,25
"759","24_05_08_cell7_ch0","Mid",0.8464,26,26
"760","24_05_08_cell7_ch0","Mid",0.839,27,27
"761","24_05_08_cell7_ch0","Mid",0.8202,28,28
"762","24_05_08_cell7_ch0","Mid",0.707,29,29
"763","24_05_08_cell7_ch0","Mid",0.6868,30,30
"764","24_05_08_cell7_ch0","Mid",0.6238,31,31
"765","24_05_08_cell7_ch0","Mid",0.5341,32,32
"766","24_05_08_cell7_ch0","Mid",0.5393,33,33
"767","24_05_08_cell7_ch0","Mid",0.4733,34,34
"768","24_05_08_cell7_ch0","Mid",0.379,35,35
"769","24_05_08_cell7_ch0","Mid",0.3596,36,36
"770","24_05_08_cell7_ch0","Mid",0.3323,37,37
"771","24_05_08_cell7_ch0","Mid",0.285,38,38
"772","24_05_08_cell7_ch0","Mid",0.3082,39,39
"773","24_05_08_cell7_ch0","Mid",0.315,40,40
"774","24_05_08_cell7_ch0","Mid",0.2805,41,41
"775","24_05_08_cell7_ch0","Mid",0.3102,42,42
"776","24_05_08_cell7_ch0","Mid",0.2927,43,43
"777","24_05_08_cell7_ch0","Mid",0.2583,44,44
"778","24_05_08_cell7_ch0","Mid",0.2563,45,45
"779","24_05_08_cell7_ch0","Mid",0.2504,46,46
"780","24_05_08_cell7_ch0","Mid",0.2264,47,47
"781","24_05_08_cell7_ch0","Mid",0.2752,48,48
"782","24_05_08_cell7_ch0","Mid",0.2724,49,49
"783","24_05_08_cell7_ch0","Mid",0.2499,50,50
"784","24_05_08_cell7_ch0","Mid",0.2556,51,51
"785","24_05_08_cell7_ch0","Mid",0.2665,52,52
"786","24_05_08_cell7_ch0","Mid",0.2393,53,53
"787","24_05_08_cell7_ch0","Mid",0.2808,54,54
"788","24_05_08_cell7_ch0","Mid",0.2804,55,55
"789","24_05_08_cell7_ch0","Mid",0.2375,56,56
"790","24_05_08_cell7_ch0","Mid",0.2825,57,57
"791","24_05_08_cell7_ch0","Mid",0.2515,58,58
"792","24_05_08_cell7_ch0","Mid",0.2963,59,59
"793","24_05_08_cell7_ch0","Mid",0.2821,60,60
"794","24_05_08_cell7_ch0","Mid",-0.0057,0,0
"795","24_05_08_cell7_ch0","Mid",-0.003,1,1
"796","24_05_08_cell7_ch0","Mid",0.0118,2,2
"797","24_05_08_cell7_ch0","Mid",-0.0031,3,3
"798","24_05_08_cell7_ch0","Mid",0.0106,4,4
"799","24_05_08_cell7_ch0","Mid",0.0709,5,5
"800","24_05_08_cell7_ch0","Mid",0.148,6,6
"801","24_05_08_cell7_ch0","Mid",0.3924,7,7
"802","24_05_08_cell7_ch0","Mid",0.4808,8,8
"803","24_05_08_cell7_ch0","Mid",0.5125,9,9
"804","24_05_08_cell7_ch0","Mid",0.5868,10,10
"805","24_05_08_cell7_ch0","Mid",0.5926,11,11
"806","24_05_08_cell7_ch0","Mid",0.6159,12,12
"807","24_05_08_cell7_ch0","Mid",0.632,13,13
"808","24_05_08_cell7_ch0","Mid",0.6218,14,14
"809","24_05_08_cell7_ch0","Mid",0.6632,15,15
"810","24_05_08_cell7_ch0","Mid",0.6567,16,16
"811","24_05_08_cell7_ch0","Mid",0.6497,17,17
"812","24_05_08_cell7_ch0","Mid",0.6501,18,18
"813","24_05_08_cell7_ch0","Mid",0.6517,19,19
"814","24_05_08_cell7_ch0","Mid",0.6547,20,20
"815","24_05_08_cell7_ch0","Mid",0.6556,21,21
"816","24_05_08_cell7_ch0","Mid",0.6709,22,22
"817","24_05_08_cell7_ch0","Mid",0.6327,23,23
"818","24_05_08_cell7_ch0","Mid",0.6783,24,24
"819","24_05_08_cell7_ch0","Mid",0.673,25,25
"820","24_05_08_cell7_ch0","Mid",0.6461,26,26
"821","24_05_08_cell7_ch0","Mid",0.6633,27,27
"822","24_05_08_cell7_ch0","Mid",0.6177,28,28
"823","24_05_08_cell7_ch0","Mid",0.535,29,29
"824","24_05_08_cell7_ch0","Mid",0.5318,30,30
"825","24_05_08_cell7_ch0","Mid",0.4842,31,31
"826","24_05_08_cell7_ch0","Mid",0.4188,32,32
"827","24_05_08_cell7_ch0","Mid",0.4305,33,33
"828","24_05_08_cell7_ch0","Mid",0.3887,34,34
"829","24_05_08_cell7_ch0","Mid",0.3106,35,35
"830","24_05_08_cell7_ch0","Mid",0.3084,36,36
"831","24_05_08_cell7_ch0","Mid",0.2732,37,37
"832","24_05_08_cell7_ch0","Mid",0.2326,38,38
"833","24_05_08_cell7_ch0","Mid",0.2618,39,39
"834","24_05_08_cell7_ch0","Mid",0.2552,40,40
"835","24_05_08_cell7_ch0","Mid",0.2289,41,41
"836","24_05_08_cell7_ch0","Mid",0.2356,42,42
"837","24_05_08_cell7_ch0","Mid",0.2219,43,43
"838","24_05_08_cell7_ch0","Mid",0.212,44,44
"839","24_05_08_cell7_ch0","Mid",0.2206,45,45
"840","24_05_08_cell7_ch0","Mid",0.2173,46,46
"841","24_05_08_cell7_ch0","Mid",0.1818,47,47
"842","24_05_08_cell7_ch0","Mid",0.2381,48,48
"843","24_05_08_cell7_ch0","Mid",0.2287,49,49
"844","24_05_08_cell7_ch0","Mid",0.2181,50,50
"845","24_05_08_cell7_ch0","Mid",0.2271,51,51
"846","24_05_08_cell7_ch0","Mid",0.2221,52,52
"847","24_05_08_cell7_ch0","Mid",0.2136,53,53
"848","24_05_08_cell7_ch0","Mid",0.2433,54,54
"849","24_05_08_cell7_ch0","Mid",0.2418,55,55
"850","24_05_08_cell7_ch0","Mid",0.2557,56,56
"851","24_05_08_cell7_ch0","Mid",0.271,57,57
"852","24_05_08_cell7_ch0","Mid",0.2584,58,58
"853","24_05_08_cell7_ch0","Mid",0.2486,59,59
"854","24_05_08_cell7_ch0","Mid",0.2483,60,60
"855","24_05_08_cell7_ch0","Mid",-0.01,0,0
"856","24_05_08_cell7_ch0","Mid",-0.0113,1,1
"857","24_05_08_cell7_ch0","Mid",0.0267,2,2
"858","24_05_08_cell7_ch0","Mid",-0.0054,3,3
"859","24_05_08_cell7_ch0","Mid",0.0602,4,4
"860","24_05_08_cell7_ch0","Mid",0.0304,5,5
"861","24_05_08_cell7_ch0","Mid",0.1482,6,6
"862","24_05_08_cell7_ch0","Mid",0.366,7,7
"863","24_05_08_cell7_ch0","Mid",0.4478,8,8
"864","24_05_08_cell7_ch0","Mid",0.4701,9,9
"865","24_05_08_cell7_ch0","Mid",0.5435,10,10
"866","24_05_08_cell7_ch0","Mid",0.5382,11,11
"867","24_05_08_cell7_ch0","Mid",0.5614,12,12
"868","24_05_08_cell7_ch0","Mid",0.573,13,13
"869","24_05_08_cell7_ch0","Mid",0.5688,14,14
"870","24_05_08_cell7_ch0","Mid",0.5976,15,15
"871","24_05_08_cell7_ch0","Mid",0.5926,16,16
"872","24_05_08_cell7_ch0","Mid",0.5818,17,17
"873","24_05_08_cell7_ch0","Mid",0.5834,18,18
"874","24_05_08_cell7_ch0","Mid",0.6069,19,19
"875","24_05_08_cell7_ch0","Mid",0.5895,20,20
"876","24_05_08_cell7_ch0","Mid",0.6038,21,21
"877","24_05_08_cell7_ch0","Mid",0.6033,22,22
"878","24_05_08_cell7_ch0","Mid",0.5805,23,23
"879","24_05_08_cell7_ch0","Mid",0.6259,24,24
"880","24_05_08_cell7_ch0","Mid",0.6272,25,25
"881","24_05_08_cell7_ch0","Mid",0.5937,26,26
"882","24_05_08_cell7_ch0","Mid",0.6155,27,27
"883","24_05_08_cell7_ch0","Mid",0.5693,28,28
"884","24_05_08_cell7_ch0","Mid",0.4941,29,29
"885","24_05_08_cell7_ch0","Mid",0.4953,30,30
"886","24_05_08_cell7_ch0","Mid",0.4462,31,31
"887","24_05_08_cell7_ch0","Mid",0.3783,32,32
"888","24_05_08_cell7_ch0","Mid",0.3836,33,33
"889","24_05_08_cell7_ch0","Mid",0.3431,34,34
"890","24_05_08_cell7_ch0","Mid",0.2899,35,35
"891","24_05_08_cell7_ch0","Mid",0.3048,36,36
"892","24_05_08_cell7_ch0","Mid",0.2664,37,37
"893","24_05_08_cell7_ch0","Mid",0.2253,38,38
"894","24_05_08_cell7_ch0","Mid",0.2519,39,39
"895","24_05_08_cell7_ch0","Mid",0.2528,40,40
"896","24_05_08_cell7_ch0","Mid",0.2059,41,41
"897","24_05_08_cell7_ch0","Mid",0.2367,42,42
"898","24_05_08_cell7_ch0","Mid",0.2347,43,43
"899","24_05_08_cell7_ch0","Mid",0.2388,44,44
"900","24_05_08_cell7_ch0","Mid",0.2357,45,45
"901","24_05_08_cell7_ch0","Mid",0.2258,46,46
"902","24_05_08_cell7_ch0","Mid",0.1953,47,47
"903","24_05_08_cell7_ch0","Mid",0.2468,48,48
"904","24_05_08_cell7_ch0","Mid",0.2215,49,49
"905","24_05_08_cell7_ch0","Mid",0.2071,50,50
"906","24_05_08_cell7_ch0","Mid",0.2335,51,51
"907","24_05_08_cell7_ch0","Mid",0.229,52,52
"908","24_05_08_cell7_ch0","Mid",0.2408,53,53
"909","24_05_08_cell7_ch0","Mid",0.2776,54,54
"910","24_05_08_cell7_ch0","Mid",0.2642,55,55
"911","24_05_08_cell7_ch0","Mid",0.2946,56,56
"912","24_05_08_cell7_ch0","Mid",0.2882,57,57
"913","24_05_08_cell7_ch0","Mid",0.2921,58,58
"914","24_05_08_cell7_ch0","Mid",0.2862,59,59
"915","24_05_08_cell7_ch0","Mid",0.2656,60,60
"916","24_05_08_cell7_ch0_up","Mid",0.0107,0,0
"917","24_05_08_cell7_ch0_up","Mid",0.0129,1,1
"918","24_05_08_cell7_ch0_up","Mid",-0.0013,2,2
"919","24_05_08_cell7_ch0_up","Mid",-0.0223,3,3
"920","24_05_08_cell7_ch0_up","Mid",0.0145,4,4
"921","24_05_08_cell7_ch0_up","Mid",0.001,5,5
"922","24_05_08_cell7_ch0_up","Mid",0.0837,6,6
"923","24_05_08_cell7_ch0_up","Mid",0.1616,7,7
"924","24_05_08_cell7_ch0_up","Mid",0.2027,8,8
"925","24_05_08_cell7_ch0_up","Mid",0.1858,9,9
"926","24_05_08_cell7_ch0_up","Mid",0.2328,10,10
"927","24_05_08_cell7_ch0_up","Mid",0.2353,11,11
"928","24_05_08_cell7_ch0_up","Mid",0.2448,12,12
"929","24_05_08_cell7_ch0_up","Mid",0.2578,13,13
"930","24_05_08_cell7_ch0_up","Mid",0.2627,14,14
"931","24_05_08_cell7_ch0_up","Mid",0.2903,15,15
"932","24_05_08_cell7_ch0_up","Mid",0.2687,16,16
"933","24_05_08_cell7_ch0_up","Mid",0.2461,17,17
"934","24_05_08_cell7_ch0_up","Mid",0.2671,18,18
"935","24_05_08_cell7_ch0_up","Mid",0.2866,19,19
"936","24_05_08_cell7_ch0_up","Mid",0.2874,20,20
"937","24_05_08_cell7_ch0_up","Mid",0.2926,21,21
"938","24_05_08_cell7_ch0_up","Mid",0.295,22,22
"939","24_05_08_cell7_ch0_up","Mid",0.2721,23,23
"940","24_05_08_cell7_ch0_up","Mid",0.3049,24,24
"941","24_05_08_cell7_ch0_up","Mid",0.3016,25,25
"942","24_05_08_cell7_ch0_up","Mid",0.2739,26,26
"943","24_05_08_cell7_ch0_up","Mid",0.2411,27,27
"944","24_05_08_cell7_ch0_up","Mid",0.1873,28,28
"945","24_05_08_cell7_ch0_up","Mid",0.1442,29,29
"946","24_05_08_cell7_ch0_up","Mid",0.1569,30,30
"947","24_05_08_cell7_ch0_up","Mid",0.1591,31,31
"948","24_05_08_cell7_ch0_up","Mid",0.1255,32,32
"949","24_05_08_cell7_ch0_up","Mid",0.1655,33,33
"950","24_05_08_cell7_ch0_up","Mid",0.1546,34,34
"951","24_05_08_cell7_ch0_up","Mid",0.129,35,35
"952","24_05_08_cell7_ch0_up","Mid",0.1582,36,36
"953","24_05_08_cell7_ch0_up","Mid",0.1505,37,37
"954","24_05_08_cell7_ch0_up","Mid",0.1276,38,38
"955","24_05_08_cell7_ch0_up","Mid",0.1682,39,39
"956","24_05_08_cell7_ch0_up","Mid",0.153,40,40
"957","24_05_08_cell7_ch0_up","Mid",0.1233,41,41
"958","24_05_08_cell7_ch0_up","Mid",0.1528,42,42
"959","24_05_08_cell7_ch0_up","Mid",0.1401,43,43
"960","24_05_08_cell7_ch0_up","Mid",0.1394,44,44
"961","24_05_08_cell7_ch0_up","Mid",0.1471,45,45
"962","24_05_08_cell7_ch0_up","Mid",0.1455,46,46
"963","24_05_08_cell7_ch0_up","Mid",0.124,47,47
"964","24_05_08_cell7_ch0_up","Mid",0.1573,48,48
"965","24_05_08_cell7_ch0_up","Mid",0.1438,49,49
"966","24_05_08_cell7_ch0_up","Mid",0.1343,50,50
"967","24_05_08_cell7_ch0_up","Mid",0.1455,51,51
"968","24_05_08_cell7_ch0_up","Mid",0.1458,52,52
"969","24_05_08_cell7_ch0_up","Mid",0.1247,53,53
"970","24_05_08_cell7_ch0_up","Mid",0.1555,54,54
"971","24_05_08_cell7_ch0_up","Mid",0.1439,55,55
"972","24_05_08_cell7_ch0_up","Mid",0.1268,56,56
"973","24_05_08_cell7_ch0_up","Mid",0.164,57,57
"974","24_05_08_cell7_ch0_up","Mid",0.151,58,58
"975","24_05_08_cell7_ch0_up","Mid",0.1382,59,59
"976","24_05_08_cell7_ch0_up","Mid",0.1514,60,60
"977","24_05_08_cell7_ch0_up","Mid",0.0077,0,0
"978","24_05_08_cell7_ch0_up","Mid",0.0112,1,1
"979","24_05_08_cell7_ch0_up","Mid",0.0014,2,2
"980","24_05_08_cell7_ch0_up","Mid",-0.0203,3,3
"981","24_05_08_cell7_ch0_up","Mid",0.0018,4,4
"982","24_05_08_cell7_ch0_up","Mid",-0.0034,5,5
"983","24_05_08_cell7_ch0_up","Mid",0.0516,6,6
"984","24_05_08_cell7_ch0_up","Mid",0.143,7,7
"985","24_05_08_cell7_ch0_up","Mid",0.1782,8,8
"986","24_05_08_cell7_ch0_up","Mid",0.1796,9,9
"987","24_05_08_cell7_ch0_up","Mid",0.205,10,10
"988","24_05_08_cell7_ch0_up","Mid",0.2074,11,11
"989","24_05_08_cell7_ch0_up","Mid",0.2178,12,12
"990","24_05_08_cell7_ch0_up","Mid",0.2232,13,13
"991","24_05_08_cell7_ch0_up","Mid",0.2348,14,14
"992","24_05_08_cell7_ch0_up","Mid",0.2629,15,15
"993","24_05_08_cell7_ch0_up","Mid",0.2562,16,16
"994","24_05_08_cell7_ch0_up","Mid",0.2352,17,17
"995","24_05_08_cell7_ch0_up","Mid",0.2422,18,18
"996","24_05_08_cell7_ch0_up","Mid",0.2559,19,19
"997","24_05_08_cell7_ch0_up","Mid",0.2518,20,20
"998","24_05_08_cell7_ch0_up","Mid",0.2818,21,21
"999","24_05_08_cell7_ch0_up","Mid",0.2868,22,22
"1000","24_05_08_cell7_ch0_up","Mid",0.2636,23,23
"1001","24_05_08_cell7_ch0_up","Mid",0.2887,24,24
"1002","24_05_08_cell7_ch0_up","Mid",0.2886,25,25
"1003","24_05_08_cell7_ch0_up","Mid",0.2615,26,26
"1004","24_05_08_cell7_ch0_up","Mid",0.241,27,27
"1005","24_05_08_cell7_ch0_up","Mid",0.1755,28,28
"1006","24_05_08_cell7_ch0_up","Mid",0.132,29,29
"1007","24_05_08_cell7_ch0_up","Mid",0.1456,30,30
"1008","24_05_08_cell7_ch0_up","Mid",0.1312,31,31
"1009","24_05_08_cell7_ch0_up","Mid",0.1076,32,32
"1010","24_05_08_cell7_ch0_up","Mid",0.1414,33,33
"1011","24_05_08_cell7_ch0_up","Mid",0.1315,34,34
"1012","24_05_08_cell7_ch0_up","Mid",0.101,35,35
"1013","24_05_08_cell7_ch0_up","Mid",0.1297,36,36
"1014","24_05_08_cell7_ch0_up","Mid",0.1326,37,37
"1015","24_05_08_cell7_ch0_up","Mid",0.1018,38,38
"1016","24_05_08_cell7_ch0_up","Mid",0.132,39,39
"1017","24_05_08_cell7_ch0_up","Mid",0.1228,40,40
"1018","24_05_08_cell7_ch0_up","Mid",0.0927,41,41
"1019","24_05_08_cell7_ch0_up","Mid",0.1224,42,42
"1020","24_05_08_cell7_ch0_up","Mid",0.1138,43,43
"1021","24_05_08_cell7_ch0_up","Mid",0.1127,44,44
"1022","24_05_08_cell7_ch0_up","Mid",0.1162,45,45
"1023","24_05_08_cell7_ch0_up","Mid",0.1192,46,46
"1024","24_05_08_cell7_ch0_up","Mid",0.0976,47,47
"1025","24_05_08_cell7_ch0_up","Mid",0.1386,48,48
"1026","24_05_08_cell7_ch0_up","Mid",0.1255,49,49
"1027","24_05_08_cell7_ch0_up","Mid",0.1146,50,50
"1028","24_05_08_cell7_ch0_up","Mid",0.1234,51,51
"1029","24_05_08_cell7_ch0_up","Mid",0.1245,52,52
"1030","24_05_08_cell7_ch0_up","Mid",0.1112,53,53
"1031","24_05_08_cell7_ch0_up","Mid",0.1366,54,54
"1032","24_05_08_cell7_ch0_up","Mid",0.1293,55,55
"1033","24_05_08_cell7_ch0_up","Mid",0.1121,56,56
"1034","24_05_08_cell7_ch0_up","Mid",0.1575,57,57
"1035","24_05_08_cell7_ch0_up","Mid",0.14,58,58
"1036","24_05_08_cell7_ch0_up","Mid",0.1311,59,59
"1037","24_05_08_cell7_ch0_up","Mid",0.1393,60,60
"1038","24_05_9_cell01_ch0","Mid",-0.0094,0,0
"1039","24_05_9_cell01_ch0","Mid",-0.0028,1,1
"1040","24_05_9_cell01_ch0","Mid",0.0123,2,2
"1041","24_05_9_cell01_ch0","Mid",7e-04,3,3
"1042","24_05_9_cell01_ch0","Mid",0.0333,4,4
"1043","24_05_9_cell01_ch0","Mid",0.0414,5,5
"1044","24_05_9_cell01_ch0","Mid",0.0345,6,6
"1045","24_05_9_cell01_ch0","Mid",0.2135,7,7
"1046","24_05_9_cell01_ch0","Mid",0.4084,8,8
"1047","24_05_9_cell01_ch0","Mid",0.5482,9,9
"1048","24_05_9_cell01_ch0","Mid",0.6779,10,10
"1049","24_05_9_cell01_ch0","Mid",0.7487,11,11
"1050","24_05_9_cell01_ch0","Mid",0.8692,12,12
"1051","24_05_9_cell01_ch0","Mid",0.9262,13,13
"1052","24_05_9_cell01_ch0","Mid",0.9572,14,14
"1053","24_05_9_cell01_ch0","Mid",0.9912,15,15
"1054","24_05_9_cell01_ch0","Mid",0.9973,16,16
"1055","24_05_9_cell01_ch0","Mid",0.9913,17,17
"1056","24_05_9_cell01_ch0","Mid",1.0048,18,18
"1057","24_05_9_cell01_ch0","Mid",1.0574,19,19
"1058","24_05_9_cell01_ch0","Mid",1.0379,20,20
"1059","24_05_9_cell01_ch0","Mid",1.0626,21,21
"1060","24_05_9_cell01_ch0","Mid",1.0899,22,22
"1061","24_05_9_cell01_ch0","Mid",1.0769,23,23
"1062","24_05_9_cell01_ch0","Mid",1.054,24,24
"1063","24_05_9_cell01_ch0","Mid",1.0702,25,25
"1064","24_05_9_cell01_ch0","Mid",1.0024,26,26
"1065","24_05_9_cell01_ch0","Mid",0.9185,27,27
"1066","24_05_9_cell01_ch0","Mid",0.7783,28,28
"1067","24_05_9_cell01_ch0","Mid",0.673,29,29
"1068","24_05_9_cell01_ch0","Mid",0.6019,30,30
"1069","24_05_9_cell01_ch0","Mid",0.5133,31,31
"1070","24_05_9_cell01_ch0","Mid",0.4284,32,32
"1071","24_05_9_cell01_ch0","Mid",0.4175,33,33
"1072","24_05_9_cell01_ch0","Mid",0.3812,34,34
"1073","24_05_9_cell01_ch0","Mid",0.3576,35,35
"1074","24_05_9_cell01_ch0","Mid",0.3608,36,36
"1075","24_05_9_cell01_ch0","Mid",0.3466,37,37
"1076","24_05_9_cell01_ch0","Mid",0.3285,38,38
"1077","24_05_9_cell01_ch0","Mid",0.3212,39,39
"1078","24_05_9_cell01_ch0","Mid",0.3192,40,40
"1079","24_05_9_cell01_ch0","Mid",0.2446,41,41
"1080","24_05_9_cell01_ch0","Mid",0.2155,42,42
"1081","24_05_9_cell01_ch0","Mid",0.22,43,43
"1082","24_05_9_cell01_ch0","Mid",0.2151,44,44
"1083","24_05_9_cell01_ch0","Mid",0.1997,45,45
"1084","24_05_9_cell01_ch0","Mid",0.2025,46,46
"1085","24_05_9_cell01_ch0","Mid",0.2069,47,47
"1086","24_05_9_cell01_ch0","Mid",0.2003,48,48
"1087","24_05_9_cell01_ch0","Mid",0.2104,49,49
"1088","24_05_9_cell01_ch0","Mid",0.1959,50,50
"1089","24_05_9_cell01_ch0","Mid",0.2138,51,51
"1090","24_05_9_cell01_ch0","Mid",0.2245,52,52
"1091","24_05_9_cell01_ch0","Mid",0.2103,53,53
"1092","24_05_9_cell01_ch0","Mid",0.2018,54,54
"1093","24_05_9_cell01_ch0","Mid",0.1921,55,55
"1094","24_05_9_cell01_ch0","Mid",0.1942,56,56
"1095","24_05_9_cell01_ch0","Mid",0.1907,57,57
"1096","24_05_9_cell01_ch0","Mid",0.1899,58,58
"1097","24_05_9_cell01_ch0","Mid",0.1932,59,59
"1098","24_05_9_cell01_ch0","Mid",0.2046,60,60
"1099","24_05_9_cell01_ch0","Mid",-0.0093,0,0
"1100","24_05_9_cell01_ch0","Mid",-0.0018,1,1
"1101","24_05_9_cell01_ch0","Mid",0.0111,2,2
"1102","24_05_9_cell01_ch0","Mid",0.0271,3,3
"1103","24_05_9_cell01_ch0","Mid",0.0213,4,4
"1104","24_05_9_cell01_ch0","Mid",0.0318,5,5
"1105","24_05_9_cell01_ch0","Mid",0.0456,6,6
"1106","24_05_9_cell01_ch0","Mid",0.106,7,7
"1107","24_05_9_cell01_ch0","Mid",0.1838,8,8
"1108","24_05_9_cell01_ch0","Mid",0.299,9,9
"1109","24_05_9_cell01_ch0","Mid",0.3592,10,10
"1110","24_05_9_cell01_ch0","Mid",0.3986,11,11
"1111","24_05_9_cell01_ch0","Mid",0.4774,12,12
"1112","24_05_9_cell01_ch0","Mid",0.5009,13,13
"1113","24_05_9_cell01_ch0","Mid",0.5455,14,14
"1114","24_05_9_cell01_ch0","Mid",0.5762,15,15
"1115","24_05_9_cell01_ch0","Mid",0.5964,16,16
"1116","24_05_9_cell01_ch0","Mid",0.6097,17,17
"1117","24_05_9_cell01_ch0","Mid",0.6191,18,18
"1118","24_05_9_cell01_ch0","Mid",0.6543,19,19
"1119","24_05_9_cell01_ch0","Mid",0.6678,20,20
"1120","24_05_9_cell01_ch0","Mid",0.6937,21,21
"1121","24_05_9_cell01_ch0","Mid",0.7239,22,22
"1122","24_05_9_cell01_ch0","Mid",0.7525,23,23
"1123","24_05_9_cell01_ch0","Mid",0.7742,24,24
"1124","24_05_9_cell01_ch0","Mid",0.795,25,25
"1125","24_05_9_cell01_ch0","Mid",0.7343,26,26
"1126","24_05_9_cell01_ch0","Mid",0.6645,27,27
"1127","24_05_9_cell01_ch0","Mid",0.569,28,28
"1128","24_05_9_cell01_ch0","Mid",0.4907,29,29
"1129","24_05_9_cell01_ch0","Mid",0.4303,30,30
"1130","24_05_9_cell01_ch0","Mid",0.3895,31,31
"1131","24_05_9_cell01_ch0","Mid",0.3467,32,32
"1132","24_05_9_cell01_ch0","Mid",0.3514,33,33
"1133","24_05_9_cell01_ch0","Mid",0.3081,34,34
"1134","24_05_9_cell01_ch0","Mid",0.284,35,35
"1135","24_05_9_cell01_ch0","Mid",0.2606,36,36
"1136","24_05_9_cell01_ch0","Mid",0.257,37,37
"1137","24_05_9_cell01_ch0","Mid",0.2427,38,38
"1138","24_05_9_cell01_ch0","Mid",0.2329,39,39
"1139","24_05_9_cell01_ch0","Mid",0.2088,40,40
"1140","24_05_9_cell01_ch0","Mid",0.1905,41,41
"1141","24_05_9_cell01_ch0","Mid",0.1739,42,42
"1142","24_05_9_cell01_ch0","Mid",0.1735,43,43
"1143","24_05_9_cell01_ch0","Mid",0.1716,44,44
"1144","24_05_9_cell01_ch0","Mid",0.1516,45,45
"1145","24_05_9_cell01_ch0","Mid",0.17,46,46
"1146","24_05_9_cell01_ch0","Mid",0.1662,47,47
"1147","24_05_9_cell01_ch0","Mid",0.1722,48,48
"1148","24_05_9_cell01_ch0","Mid",0.1646,49,49
"1149","24_05_9_cell01_ch0","Mid",0.1749,50,50
"1150","24_05_9_cell01_ch0","Mid",0.1687,51,51
"1151","24_05_9_cell01_ch0","Mid",0.1662,52,52
"1152","24_05_9_cell01_ch0","Mid",0.1572,53,53
"1153","24_05_9_cell01_ch0","Mid",0.1655,54,54
"1154","24_05_9_cell01_ch0","Mid",0.1604,55,55
"1155","24_05_9_cell01_ch0","Mid",0.1738,56,56
"1156","24_05_9_cell01_ch0","Mid",0.176,57,57
"1157","24_05_9_cell01_ch0","Mid",0.1777,58,58
"1158","24_05_9_cell01_ch0","Mid",0.1736,59,59
"1159","24_05_9_cell01_ch0","Mid",0.1734,60,60
"1160","24_05_9_cell01_ch0","Mid",-0.0033,0,0
"1161","24_05_9_cell01_ch0","Mid",0.0025,1,1
"1162","24_05_9_cell01_ch0","Mid",9e-04,2,2
"1163","24_05_9_cell01_ch0","Mid",0.0775,3,3
"1164","24_05_9_cell01_ch0","Mid",0.1122,4,4
"1165","24_05_9_cell01_ch0","Mid",0.0391,5,5
"1166","24_05_9_cell01_ch0","Mid",0.0426,6,6
"1167","24_05_9_cell01_ch0","Mid",0.0822,7,7
"1168","24_05_9_cell01_ch0","Mid",0.2893,8,8
"1169","24_05_9_cell01_ch0","Mid",0.408,9,9
"1170","24_05_9_cell01_ch0","Mid",0.487,10,10
"1171","24_05_9_cell01_ch0","Mid",0.6465,11,11
"1172","24_05_9_cell01_ch0","Mid",0.8118,12,12
"1173","24_05_9_cell01_ch0","Mid",0.9088,13,13
"1174","24_05_9_cell01_ch0","Mid",0.9293,14,14
"1175","24_05_9_cell01_ch0","Mid",0.9883,15,15
"1176","24_05_9_cell01_ch0","Mid",1.011,16,16
"1177","24_05_9_cell01_ch0","Mid",1.0039,17,17
"1178","24_05_9_cell01_ch0","Mid",1.0721,18,18
"1179","24_05_9_cell01_ch0","Mid",1.1552,19,19
"1180","24_05_9_cell01_ch0","Mid",1.13,20,20
"1181","24_05_9_cell01_ch0","Mid",1.1053,21,21
"1182","24_05_9_cell01_ch0","Mid",1.1243,22,22
"1183","24_05_9_cell01_ch0","Mid",1.1694,23,23
"1184","24_05_9_cell01_ch0","Mid",1.1635,24,24
"1185","24_05_9_cell01_ch0","Mid",1.1499,25,25
"1186","24_05_9_cell01_ch0","Mid",1.0792,26,26
"1187","24_05_9_cell01_ch0","Mid",1.011,27,27
"1188","24_05_9_cell01_ch0","Mid",0.8887,28,28
"1189","24_05_9_cell01_ch0","Mid",0.7554,29,29
"1190","24_05_9_cell01_ch0","Mid",0.6512,30,30
"1191","24_05_9_cell01_ch0","Mid",0.5718,31,31
"1192","24_05_9_cell01_ch0","Mid",0.4565,32,32
"1193","24_05_9_cell01_ch0","Mid",0.4485,33,33
"1194","24_05_9_cell01_ch0","Mid",0.4151,34,34
"1195","24_05_9_cell01_ch0","Mid",0.4561,35,35
"1196","24_05_9_cell01_ch0","Mid",0.3675,36,36
"1197","24_05_9_cell01_ch0","Mid",0.2947,37,37
"1198","24_05_9_cell01_ch0","Mid",0.3575,38,38
"1199","24_05_9_cell01_ch0","Mid",0.3576,39,39
"1200","24_05_9_cell01_ch0","Mid",0.2986,40,40
"1201","24_05_9_cell01_ch0","Mid",0.2155,41,41
"1202","24_05_9_cell01_ch0","Mid",0.1822,42,42
"1203","24_05_9_cell01_ch0","Mid",0.1799,43,43
"1204","24_05_9_cell01_ch0","Mid",0.1795,44,44
"1205","24_05_9_cell01_ch0","Mid",0.2183,45,45
"1206","24_05_9_cell01_ch0","Mid",0.229,46,46
"1207","24_05_9_cell01_ch0","Mid",0.1847,47,47
"1208","24_05_9_cell01_ch0","Mid",0.1657,48,48
"1209","24_05_9_cell01_ch0","Mid",0.143,49,49
"1210","24_05_9_cell01_ch0","Mid",0.1303,50,50
"1211","24_05_9_cell01_ch0","Mid",0.3122,51,51
"1212","24_05_9_cell01_ch0","Mid",0.222,52,52
"1213","24_05_9_cell01_ch0","Mid",0.1707,53,53
"1214","24_05_9_cell01_ch0","Mid",0.1674,54,54
"1215","24_05_9_cell01_ch0","Mid",0.1435,55,55
"1216","24_05_9_cell01_ch0","Mid",0.1489,56,56
"1217","24_05_9_cell01_ch0","Mid",0.1525,57,57
"1218","24_05_9_cell01_ch0","Mid",0.154,58,58
"1219","24_05_9_cell01_ch0","Mid",0.1554,59,59
"1220","24_05_9_cell01_ch0","Mid",0.1363,60,60
"1221","24_05_9_cell02_ch0","Mid",-0.0229,0,0
"1222","24_05_9_cell02_ch0","Mid",0.0259,1,1
"1223","24_05_9_cell02_ch0","Mid",-0.003,2,2
"1224","24_05_9_cell02_ch0","Mid",0.0078,3,3
"1225","24_05_9_cell02_ch0","Mid",0.0098,4,4
"1226","24_05_9_cell02_ch0","Mid",0.0272,5,5
"1227","24_05_9_cell02_ch0","Mid",0.3187,6,6
"1228","24_05_9_cell02_ch0","Mid",1.4433,7,7
"1229","24_05_9_cell02_ch0","Mid",1.9505,8,8
"1230","24_05_9_cell02_ch0","Mid",2.0834,9,9
"1231","24_05_9_cell02_ch0","Mid",2.324,10,10
"1232","24_05_9_cell02_ch0","Mid",2.3867,11,11
"1233","24_05_9_cell02_ch0","Mid",2.4574,12,12
"1234","24_05_9_cell02_ch0","Mid",2.4823,13,13
"1235","24_05_9_cell02_ch0","Mid",2.5586,14,14
"1236","24_05_9_cell02_ch0","Mid",2.5849,15,15
"1237","24_05_9_cell02_ch0","Mid",2.6032,16,16
"1238","24_05_9_cell02_ch0","Mid",2.6471,17,17
"1239","24_05_9_cell02_ch0","Mid",2.7385,18,18
"1240","24_05_9_cell02_ch0","Mid",2.7465,19,19
"1241","24_05_9_cell02_ch0","Mid",2.7501,20,20
"1242","24_05_9_cell02_ch0","Mid",2.7714,21,21
"1243","24_05_9_cell02_ch0","Mid",2.8463,22,22
"1244","24_05_9_cell02_ch0","Mid",2.9473,23,23
"1245","24_05_9_cell02_ch0","Mid",2.949,24,24
"1246","24_05_9_cell02_ch0","Mid",2.945,25,25
"1247","24_05_9_cell02_ch0","Mid",2.9391,26,26
"1248","24_05_9_cell02_ch0","Mid",2.1958,27,27
"1249","24_05_9_cell02_ch0","Mid",1.7037,28,28
"1250","24_05_9_cell02_ch0","Mid",1.382,29,29
"1251","24_05_9_cell02_ch0","Mid",1.227,30,30
"1252","24_05_9_cell02_ch0","Mid",1.0429,31,31
"1253","24_05_9_cell02_ch0","Mid",0.9669,32,32
"1254","24_05_9_cell02_ch0","Mid",0.9263,33,33
"1255","24_05_9_cell02_ch0","Mid",0.8964,34,34
"1256","24_05_9_cell02_ch0","Mid",0.8604,35,35
"1257","24_05_9_cell02_ch0","Mid",0.864,36,36
"1258","24_05_9_cell02_ch0","Mid",0.8513,37,37
"1259","24_05_9_cell02_ch0","Mid",0.816,38,38
"1260","24_05_9_cell02_ch0","Mid",0.8731,39,39
"1261","24_05_9_cell02_ch0","Mid",0.8526,40,40
"1262","24_05_9_cell02_ch0","Mid",0.8122,41,41
"1263","24_05_9_cell02_ch0","Mid",0.7962,42,42
"1264","24_05_9_cell02_ch0","Mid",0.7631,43,43
"1265","24_05_9_cell02_ch0","Mid",0.757,44,44
"1266","24_05_9_cell02_ch0","Mid",0.7657,45,45
"1267","24_05_9_cell02_ch0","Mid",0.7624,46,46
"1268","24_05_9_cell02_ch0","Mid",0.7917,47,47
"1269","24_05_9_cell02_ch0","Mid",0.8087,48,48
"1270","24_05_9_cell02_ch0","Mid",0.7892,49,49
"1271","24_05_9_cell02_ch0","Mid",0.7634,50,50
"1272","24_05_9_cell02_ch0","Mid",0.7134,51,51
"1273","24_05_9_cell02_ch0","Mid",0.7128,52,52
"1274","24_05_9_cell02_ch0","Mid",0.6933,53,53
"1275","24_05_9_cell02_ch0","Mid",0.699,54,54
"1276","24_05_9_cell02_ch0","Mid",0.7634,55,55
"1277","24_05_9_cell02_ch0","Mid",0.7851,56,56
"1278","24_05_9_cell02_ch0","Mid",0.7523,57,57
"1279","24_05_9_cell02_ch0","Mid",0.7642,58,58
"1280","24_05_9_cell02_ch0","Mid",0.7709,59,59
"1281","24_05_9_cell02_ch0","Mid",0.7607,60,60
"1282","24_05_9_cell02_ch0","Mid",-0.0463,0,0
"1283","24_05_9_cell02_ch0","Mid",-0.0237,1,1
"1284","24_05_9_cell02_ch0","Mid",0.0699,2,2
"1285","24_05_9_cell02_ch0","Mid",0.008,3,3
"1286","24_05_9_cell02_ch0","Mid",0.0101,4,4
"1287","24_05_9_cell02_ch0","Mid",-4e-04,5,5
"1288","24_05_9_cell02_ch0","Mid",0.2103,6,6
"1289","24_05_9_cell02_ch0","Mid",0.9146,7,7
"1290","24_05_9_cell02_ch0","Mid",1.2881,8,8
"1291","24_05_9_cell02_ch0","Mid",1.4345,9,9
"1292","24_05_9_cell02_ch0","Mid",1.644,10,10
"1293","24_05_9_cell02_ch0","Mid",1.7351,11,11
"1294","24_05_9_cell02_ch0","Mid",1.7402,12,12
"1295","24_05_9_cell02_ch0","Mid",1.7917,13,13
"1296","24_05_9_cell02_ch0","Mid",1.83,14,14
"1297","24_05_9_cell02_ch0","Mid",1.8883,15,15
"1298","24_05_9_cell02_ch0","Mid",1.9696,16,16
"1299","24_05_9_cell02_ch0","Mid",2.0159,17,17
"1300","24_05_9_cell02_ch0","Mid",2.0842,18,18
"1301","24_05_9_cell02_ch0","Mid",2.0453,19,19
"1302","24_05_9_cell02_ch0","Mid",2.043,20,20
"1303","24_05_9_cell02_ch0","Mid",2.0192,21,21
"1304","24_05_9_cell02_ch0","Mid",2.1917,22,22
"1305","24_05_9_cell02_ch0","Mid",2.2072,23,23
"1306","24_05_9_cell02_ch0","Mid",2.1979,24,24
"1307","24_05_9_cell02_ch0","Mid",2.1076,25,25
"1308","24_05_9_cell02_ch0","Mid",2.0941,26,26
"1309","24_05_9_cell02_ch0","Mid",1.6837,27,27
"1310","24_05_9_cell02_ch0","Mid",1.2482,28,28
"1311","24_05_9_cell02_ch0","Mid",1.0028,29,29
"1312","24_05_9_cell02_ch0","Mid",0.8609,30,30
"1313","24_05_9_cell02_ch0","Mid",0.7945,31,31
"1314","24_05_9_cell02_ch0","Mid",0.7282,32,32
"1315","24_05_9_cell02_ch0","Mid",0.7015,33,33
"1316","24_05_9_cell02_ch0","Mid",0.7012,34,34
"1317","24_05_9_cell02_ch0","Mid",0.6884,35,35
"1318","24_05_9_cell02_ch0","Mid",0.6725,36,36
"1319","24_05_9_cell02_ch0","Mid",0.6843,37,37
"1320","24_05_9_cell02_ch0","Mid",0.7275,38,38
"1321","24_05_9_cell02_ch0","Mid",0.8422,39,39
"1322","24_05_9_cell02_ch0","Mid",0.7455,40,40
"1323","24_05_9_cell02_ch0","Mid",0.6323,41,41
"1324","24_05_9_cell02_ch0","Mid",0.6068,42,42
"1325","24_05_9_cell02_ch0","Mid",0.5702,43,43
"1326","24_05_9_cell02_ch0","Mid",0.5491,44,44
"1327","24_05_9_cell02_ch0","Mid",0.5783,45,45
"1328","24_05_9_cell02_ch0","Mid",0.5628,46,46
"1329","24_05_9_cell02_ch0","Mid",0.5889,47,47
"1330","24_05_9_cell02_ch0","Mid",0.6076,48,48
"1331","24_05_9_cell02_ch0","Mid",0.563,49,49
"1332","24_05_9_cell02_ch0","Mid",0.5778,50,50
"1333","24_05_9_cell02_ch0","Mid",0.5265,51,51
"1334","24_05_9_cell02_ch0","Mid",0.5345,52,52
"1335","24_05_9_cell02_ch0","Mid",0.535,53,53
"1336","24_05_9_cell02_ch0","Mid",0.528,54,54
"1337","24_05_9_cell02_ch0","Mid",0.5936,55,55
"1338","24_05_9_cell02_ch0","Mid",0.5783,56,56
"1339","24_05_9_cell02_ch0","Mid",0.5788,57,57
"1340","24_05_9_cell02_ch0","Mid",0.5584,58,58
"1341","24_05_9_cell02_ch0","Mid",0.5901,59,59
"1342","24_05_9_cell02_ch0","Mid",0.5753,60,60
"1343","24_05_9_cell02_ch0","Mid",-0.0224,0,0
"1344","24_05_9_cell02_ch0","Mid",0.0205,1,1
"1345","24_05_9_cell02_ch0","Mid",0.0019,2,2
"1346","24_05_9_cell02_ch0","Mid",0.0114,3,3
"1347","24_05_9_cell02_ch0","Mid",0.018,4,4
"1348","24_05_9_cell02_ch0","Mid",0.0156,5,5
"1349","24_05_9_cell02_ch0","Mid",0.1027,6,6
"1350","24_05_9_cell02_ch0","Mid",0.429,7,7
"1351","24_05_9_cell02_ch0","Mid",0.5573,8,8
"1352","24_05_9_cell02_ch0","Mid",0.6684,9,9
"1353","24_05_9_cell02_ch0","Mid",0.7179,10,10
"1354","24_05_9_cell02_ch0","Mid",0.7882,11,11
"1355","24_05_9_cell02_ch0","Mid",0.8098,12,12
"1356","24_05_9_cell02_ch0","Mid",0.8213,13,13
"1357","24_05_9_cell02_ch0","Mid",0.8155,14,14
"1358","24_05_9_cell02_ch0","Mid",0.8583,15,15
"1359","24_05_9_cell02_ch0","Mid",0.8912,16,16
"1360","24_05_9_cell02_ch0","Mid",0.9249,17,17
"1361","24_05_9_cell02_ch0","Mid",0.9497,18,18
"1362","24_05_9_cell02_ch0","Mid",0.962,19,19
"1363","24_05_9_cell02_ch0","Mid",0.9993,20,20
"1364","24_05_9_cell02_ch0","Mid",1.01,21,21
"1365","24_05_9_cell02_ch0","Mid",1.0428,22,22
"1366","24_05_9_cell02_ch0","Mid",1.0609,23,23
"1367","24_05_9_cell02_ch0","Mid",1.0654,24,24
"1368","24_05_9_cell02_ch0","Mid",1.0607,25,25
"1369","24_05_9_cell02_ch0","Mid",1.0131,26,26
"1370","24_05_9_cell02_ch0","Mid",0.812,27,27
"1371","24_05_9_cell02_ch0","Mid",0.6531,28,28
"1372","24_05_9_cell02_ch0","Mid",0.5642,29,29
"1373","24_05_9_cell02_ch0","Mid",0.5339,30,30
"1374","24_05_9_cell02_ch0","Mid",0.5095,31,31
"1375","24_05_9_cell02_ch0","Mid",0.5053,32,32
"1376","24_05_9_cell02_ch0","Mid",0.4996,33,33
"1377","24_05_9_cell02_ch0","Mid",0.5087,34,34
"1378","24_05_9_cell02_ch0","Mid",0.5083,35,35
"1379","24_05_9_cell02_ch0","Mid",0.5314,36,36
"1380","24_05_9_cell02_ch0","Mid",0.5265,37,37
"1381","24_05_9_cell02_ch0","Mid",0.5341,38,38
"1382","24_05_9_cell02_ch0","Mid",0.5526,39,39
"1383","24_05_9_cell02_ch0","Mid",0.5677,40,40
"1384","24_05_9_cell02_ch0","Mid",0.5785,41,41
"1385","24_05_9_cell02_ch0","Mid",0.5889,42,42
"1386","24_05_9_cell02_ch0","Mid",0.5905,43,43
"1387","24_05_9_cell02_ch0","Mid",0.608,44,44
"1388","24_05_9_cell02_ch0","Mid",0.6303,45,45
"1389","24_05_9_cell02_ch0","Mid",0.6279,46,46
"1390","24_05_9_cell02_ch0","Mid",0.6495,47,47
"1391","24_05_9_cell02_ch0","Mid",0.6537,48,48
"1392","24_05_9_cell02_ch0","Mid",0.6371,49,49
"1393","24_05_9_cell02_ch0","Mid",0.6256,50,50
"1394","24_05_9_cell02_ch0","Mid",0.6144,51,51
"1395","24_05_9_cell02_ch0","Mid",0.6185,52,52
"1396","24_05_9_cell02_ch0","Mid",0.6218,53,53
"1397","24_05_9_cell02_ch0","Mid",0.6287,54,54
"1398","24_05_9_cell02_ch0","Mid",0.6397,55,55
"1399","24_05_9_cell02_ch0","Mid",0.6758,56,56
"1400","24_05_9_cell02_ch0","Mid",0.6708,57,57
"1401","24_05_9_cell02_ch0","Mid",0.6758,58,58
"1402","24_05_9_cell02_ch0","Mid",0.68,59,59
"1403","24_05_9_cell02_ch0","Mid",0.7028,60,60
"1404","24_05_08_cell7_ch0","Min",7e-04,0,0
"1405","24_05_08_cell7_ch0","Min",-0.0028,1,1
"1406","24_05_08_cell7_ch0","Min",-0.0076,2,2
"1407","24_05_08_cell7_ch0","Min",0.0097,3,3
"1408","24_05_08_cell7_ch0","Min",0.0607,4,4
"1409","24_05_08_cell7_ch0","Min",0.0255,5,5
"1410","24_05_08_cell7_ch0","Min",0.089,6,6
"1411","24_05_08_cell7_ch0","Min",0.4281,7,7
"1412","24_05_08_cell7_ch0","Min",0.5989,8,8
"1413","24_05_08_cell7_ch0","Min",0.7142,9,9
"1414","24_05_08_cell7_ch0","Min",0.7991,10,10
"1415","24_05_08_cell7_ch0","Min",0.825,11,11
"1416","24_05_08_cell7_ch0","Min",0.8545,12,12
"1417","24_05_08_cell7_ch0","Min",0.865,13,13
"1418","24_05_08_cell7_ch0","Min",0.8629,14,14
"1419","24_05_08_cell7_ch0","Min",0.9009,15,15
"1420","24_05_08_cell7_ch0","Min",0.9058,16,16
"1421","24_05_08_cell7_ch0","Min",0.904,17,17
"1422","24_05_08_cell7_ch0","Min",0.9122,18,18
"1423","24_05_08_cell7_ch0","Min",0.9263,19,19
"1424","24_05_08_cell7_ch0","Min",0.9165,20,20
"1425","24_05_08_cell7_ch0","Min",0.943,21,21
"1426","24_05_08_cell7_ch0","Min",0.9371,22,22
"1427","24_05_08_cell7_ch0","Min",0.9105,23,23
"1428","24_05_08_cell7_ch0","Min",0.9644,24,24
"1429","24_05_08_cell7_ch0","Min",0.9658,25,25
"1430","24_05_08_cell7_ch0","Min",0.9217,26,26
"1431","24_05_08_cell7_ch0","Min",0.9351,27,27
"1432","24_05_08_cell7_ch0","Min",0.8493,28,28
"1433","24_05_08_cell7_ch0","Min",0.7571,29,29
"1434","24_05_08_cell7_ch0","Min",0.7162,30,30
"1435","24_05_08_cell7_ch0","Min",0.6409,31,31
"1436","24_05_08_cell7_ch0","Min",0.5461,32,32
"1437","24_05_08_cell7_ch0","Min",0.5388,33,33
"1438","24_05_08_cell7_ch0","Min",0.4692,34,34
"1439","24_05_08_cell7_ch0","Min",0.4119,35,35
"1440","24_05_08_cell7_ch0","Min",0.4346,36,36
"1441","24_05_08_cell7_ch0","Min",0.3943,37,37
"1442","24_05_08_cell7_ch0","Min",0.3306,38,38
"1443","24_05_08_cell7_ch0","Min",0.3465,39,39
"1444","24_05_08_cell7_ch0","Min",0.3189,40,40
"1445","24_05_08_cell7_ch0","Min",0.2756,41,41
"1446","24_05_08_cell7_ch0","Min",0.3319,42,42
"1447","24_05_08_cell7_ch0","Min",0.3406,43,43
"1448","24_05_08_cell7_ch0","Min",0.3478,44,44
"1449","24_05_08_cell7_ch0","Min",0.3221,45,45
"1450","24_05_08_cell7_ch0","Min",0.3236,46,46
"1451","24_05_08_cell7_ch0","Min",0.3015,47,47
"1452","24_05_08_cell7_ch0","Min",0.3094,48,48
"1453","24_05_08_cell7_ch0","Min",0.2753,49,49
"1454","24_05_08_cell7_ch0","Min",0.2763,50,50
"1455","24_05_08_cell7_ch0","Min",0.2851,51,51
"1456","24_05_08_cell7_ch0","Min",0.291,52,52
"1457","24_05_08_cell7_ch0","Min",0.2548,53,53
"1458","24_05_08_cell7_ch0","Min",0.2706,54,54
"1459","24_05_08_cell7_ch0","Min",0.2559,55,55
"1460","24_05_08_cell7_ch0","Min",0.2293,56,56
"1461","24_05_08_cell7_ch0","Min",0.2824,57,57
"1462","24_05_08_cell7_ch0","Min",0.2851,58,58
"1463","24_05_08_cell7_ch0","Min",0.2746,59,59
"1464","24_05_08_cell7_ch0","Min",0.3322,60,60
"1465","24_05_08_cell7_ch0","Min",0.0031,0,0
"1466","24_05_08_cell7_ch0","Min",0.0138,1,1
"1467","24_05_08_cell7_ch0","Min",-0.0032,2,2
"1468","24_05_08_cell7_ch0","Min",-0.0137,3,3
"1469","24_05_08_cell7_ch0","Min",0.0251,4,4
"1470","24_05_08_cell7_ch0","Min",0.0226,5,5
"1471","24_05_08_cell7_ch0","Min",0.0603,6,6
"1472","24_05_08_cell7_ch0","Min",0.271,7,7
"1473","24_05_08_cell7_ch0","Min",0.4165,8,8
"1474","24_05_08_cell7_ch0","Min",0.5036,9,9
"1475","24_05_08_cell7_ch0","Min",0.6359,10,10
"1476","24_05_08_cell7_ch0","Min",0.6783,11,11
"1477","24_05_08_cell7_ch0","Min",0.7226,12,12
"1478","24_05_08_cell7_ch0","Min",0.7475,13,13
"1479","24_05_08_cell7_ch0","Min",0.7507,14,14
"1480","24_05_08_cell7_ch0","Min",0.8145,15,15
"1481","24_05_08_cell7_ch0","Min",0.8444,16,16
"1482","24_05_08_cell7_ch0","Min",0.8445,17,17
"1483","24_05_08_cell7_ch0","Min",0.8917,18,18
"1484","24_05_08_cell7_ch0","Min",0.9211,19,19
"1485","24_05_08_cell7_ch0","Min",0.9146,20,20
"1486","24_05_08_cell7_ch0","Min",0.9454,21,21
"1487","24_05_08_cell7_ch0","Min",0.9433,22,22
"1488","24_05_08_cell7_ch0","Min",0.924,23,23
"1489","24_05_08_cell7_ch0","Min",0.9849,24,24
"1490","24_05_08_cell7_ch0","Min",0.9831,25,25
"1491","24_05_08_cell7_ch0","Min",0.9685,26,26
"1492","24_05_08_cell7_ch0","Min",0.9894,27,27
"1493","24_05_08_cell7_ch0","Min",0.9174,28,28
"1494","24_05_08_cell7_ch0","Min",0.8224,29,29
"1495","24_05_08_cell7_ch0","Min",0.7952,30,30
"1496","24_05_08_cell7_ch0","Min",0.7232,31,31
"1497","24_05_08_cell7_ch0","Min",0.628,32,32
"1498","24_05_08_cell7_ch0","Min",0.6251,33,33
"1499","24_05_08_cell7_ch0","Min",0.5565,34,34
"1500","24_05_08_cell7_ch0","Min",0.4846,35,35
"1501","24_05_08_cell7_ch0","Min",0.4885,36,36
"1502","24_05_08_cell7_ch0","Min",0.4619,37,37
"1503","24_05_08_cell7_ch0","Min",0.3822,38,38
"1504","24_05_08_cell7_ch0","Min",0.4158,39,39
"1505","24_05_08_cell7_ch0","Min",0.3811,40,40
"1506","24_05_08_cell7_ch0","Min",0.3368,41,41
"1507","24_05_08_cell7_ch0","Min",0.375,42,42
"1508","24_05_08_cell7_ch0","Min",0.3652,43,43
"1509","24_05_08_cell7_ch0","Min",0.3555,44,44
"1510","24_05_08_cell7_ch0","Min",0.3472,45,45
"1511","24_05_08_cell7_ch0","Min",0.3357,46,46
"1512","24_05_08_cell7_ch0","Min",0.2939,47,47
"1513","24_05_08_cell7_ch0","Min",0.3364,48,48
"1514","24_05_08_cell7_ch0","Min",0.3072,49,49
"1515","24_05_08_cell7_ch0","Min",0.2858,50,50
"1516","24_05_08_cell7_ch0","Min",0.2885,51,51
"1517","24_05_08_cell7_ch0","Min",0.2937,52,52
"1518","24_05_08_cell7_ch0","Min",0.2599,53,53
"1519","24_05_08_cell7_ch0","Min",0.2958,54,54
"1520","24_05_08_cell7_ch0","Min",0.2708,55,55
"1521","24_05_08_cell7_ch0","Min",0.2423,56,56
"1522","24_05_08_cell7_ch0","Min",0.285,57,57
"1523","24_05_08_cell7_ch0","Min",0.2747,58,58
"1524","24_05_08_cell7_ch0","Min",0.2766,59,59
"1525","24_05_08_cell7_ch0","Min",0.2821,60,60
"1526","24_05_08_cell7_ch0_up","Min",0.002,0,0
"1527","24_05_08_cell7_ch0_up","Min",0.0038,1,1
"1528","24_05_08_cell7_ch0_up","Min",0.0106,2,2
"1529","24_05_08_cell7_ch0_up","Min",-0.0163,3,3
"1530","24_05_08_cell7_ch0_up","Min",0.0095,4,4
"1531","24_05_08_cell7_ch0_up","Min",0.0115,5,5
"1532","24_05_08_cell7_ch0_up","Min",0.0337,6,6
"1533","24_05_08_cell7_ch0_up","Min",0.0764,7,7
"1534","24_05_08_cell7_ch0_up","Min",0.1178,8,8
"1535","24_05_08_cell7_ch0_up","Min",0.1277,9,9
"1536","24_05_08_cell7_ch0_up","Min",0.1708,10,10
"1537","24_05_08_cell7_ch0_up","Min",0.1599,11,11
"1538","24_05_08_cell7_ch0_up","Min",0.1753,12,12
"1539","24_05_08_cell7_ch0_up","Min",0.1754,13,13
"1540","24_05_08_cell7_ch0_up","Min",0.1788,14,14
"1541","24_05_08_cell7_ch0_up","Min",0.2052,15,15
"1542","24_05_08_cell7_ch0_up","Min",0.2144,16,16
"1543","24_05_08_cell7_ch0_up","Min",0.1973,17,17
"1544","24_05_08_cell7_ch0_up","Min",0.2126,18,18
"1545","24_05_08_cell7_ch0_up","Min",0.232,19,19
"1546","24_05_08_cell7_ch0_up","Min",0.2374,20,20
"1547","24_05_08_cell7_ch0_up","Min",0.2447,21,21
"1548","24_05_08_cell7_ch0_up","Min",0.2394,22,22
"1549","24_05_08_cell7_ch0_up","Min",0.223,23,23
"1550","24_05_08_cell7_ch0_up","Min",0.2557,24,24
"1551","24_05_08_cell7_ch0_up","Min",0.2563,25,25
"1552","24_05_08_cell7_ch0_up","Min",0.234,26,26
"1553","24_05_08_cell7_ch0_up","Min",0.2503,27,27
"1554","24_05_08_cell7_ch0_up","Min",0.2202,28,28
"1555","24_05_08_cell7_ch0_up","Min",0.1812,29,29
"1556","24_05_08_cell7_ch0_up","Min",0.1957,30,30
"1557","24_05_08_cell7_ch0_up","Min",0.1942,31,31
"1558","24_05_08_cell7_ch0_up","Min",0.1599,32,32
"1559","24_05_08_cell7_ch0_up","Min",0.2032,33,33
"1560","24_05_08_cell7_ch0_up","Min",0.1803,34,34
"1561","24_05_08_cell7_ch0_up","Min",0.1554,35,35
"1562","24_05_08_cell7_ch0_up","Min",0.2021,36,36
"1563","24_05_08_cell7_ch0_up","Min",0.1922,37,37
"1564","24_05_08_cell7_ch0_up","Min",0.1607,38,38
"1565","24_05_08_cell7_ch0_up","Min",0.2028,39,39
"1566","24_05_08_cell7_ch0_up","Min",0.1908,40,40
"1567","24_05_08_cell7_ch0_up","Min",0.1618,41,41
"1568","24_05_08_cell7_ch0_up","Min",0.1893,42,42
"1569","24_05_08_cell7_ch0_up","Min",0.1901,43,43
"1570","24_05_08_cell7_ch0_up","Min",0.1846,44,44
"1571","24_05_08_cell7_ch0_up","Min",0.1978,45,45
"1572","24_05_08_cell7_ch0_up","Min",0.1948,46,46
"1573","24_05_08_cell7_ch0_up","Min",0.1679,47,47
"1574","24_05_08_cell7_ch0_up","Min",0.2122,48,48
"1575","24_05_08_cell7_ch0_up","Min",0.1957,49,49
"1576","24_05_08_cell7_ch0_up","Min",0.1849,50,50
"1577","24_05_08_cell7_ch0_up","Min",0.2018,51,51
"1578","24_05_08_cell7_ch0_up","Min",0.2058,52,52
"1579","24_05_08_cell7_ch0_up","Min",0.1826,53,53
"1580","24_05_08_cell7_ch0_up","Min",0.2211,54,54
"1581","24_05_08_cell7_ch0_up","Min",0.2143,55,55
"1582","24_05_08_cell7_ch0_up","Min",0.1947,56,56
"1583","24_05_08_cell7_ch0_up","Min",0.2281,57,57
"1584","24_05_08_cell7_ch0_up","Min",0.2139,58,58
"1585","24_05_08_cell7_ch0_up","Min",0.2087,59,59
"1586","24_05_08_cell7_ch0_up","Min",0.2284,60,60
"1587","24_05_08_cell7_ch0_up","Min",0.0098,0,0
"1588","24_05_08_cell7_ch0_up","Min",0.0072,1,1
"1589","24_05_08_cell7_ch0_up","Min",0.0024,2,2
"1590","24_05_08_cell7_ch0_up","Min",-0.0194,3,3
"1591","24_05_08_cell7_ch0_up","Min",0.0023,4,4
"1592","24_05_08_cell7_ch0_up","Min",-1e-04,5,5
"1593","24_05_08_cell7_ch0_up","Min",0.0244,6,6
"1594","24_05_08_cell7_ch0_up","Min",0.0719,7,7
"1595","24_05_08_cell7_ch0_up","Min",0.1018,8,8
"1596","24_05_08_cell7_ch0_up","Min",0.1101,9,9
"1597","24_05_08_cell7_ch0_up","Min",0.1333,10,10
"1598","24_05_08_cell7_ch0_up","Min",0.143,11,11
"1599","24_05_08_cell7_ch0_up","Min",0.1481,12,12
"1600","24_05_08_cell7_ch0_up","Min",0.1437,13,13
"1601","24_05_08_cell7_ch0_up","Min",0.1428,14,14
"1602","24_05_08_cell7_ch0_up","Min",0.1674,15,15
"1603","24_05_08_cell7_ch0_up","Min",0.1683,16,16
"1604","24_05_08_cell7_ch0_up","Min",0.1586,17,17
"1605","24_05_08_cell7_ch0_up","Min",0.1755,18,18
"1606","24_05_08_cell7_ch0_up","Min",0.1737,19,19
"1607","24_05_08_cell7_ch0_up","Min",0.1752,20,20
"1608","24_05_08_cell7_ch0_up","Min",0.1915,21,21
"1609","24_05_08_cell7_ch0_up","Min",0.1849,22,22
"1610","24_05_08_cell7_ch0_up","Min",0.1946,23,23
"1611","24_05_08_cell7_ch0_up","Min",0.2327,24,24
"1612","24_05_08_cell7_ch0_up","Min",0.2292,25,25
"1613","24_05_08_cell7_ch0_up","Min",0.1954,26,26
"1614","24_05_08_cell7_ch0_up","Min",0.2149,27,27
"1615","24_05_08_cell7_ch0_up","Min",0.1791,28,28
"1616","24_05_08_cell7_ch0_up","Min",0.1399,29,29
"1617","24_05_08_cell7_ch0_up","Min",0.1898,30,30
"1618","24_05_08_cell7_ch0_up","Min",0.1857,31,31
"1619","24_05_08_cell7_ch0_up","Min",0.168,32,32
"1620","24_05_08_cell7_ch0_up","Min",0.199,33,33
"1621","24_05_08_cell7_ch0_up","Min",0.1685,34,34
"1622","24_05_08_cell7_ch0_up","Min",0.132,35,35
"1623","24_05_08_cell7_ch0_up","Min",0.1712,36,36
"1624","24_05_08_cell7_ch0_up","Min",0.1575,37,37
"1625","24_05_08_cell7_ch0_up","Min",0.1314,38,38
"1626","24_05_08_cell7_ch0_up","Min",0.1585,39,39
"1627","24_05_08_cell7_ch0_up","Min",0.1507,40,40
"1628","24_05_08_cell7_ch0_up","Min",0.1213,41,41
"1629","24_05_08_cell7_ch0_up","Min",0.1548,42,42
"1630","24_05_08_cell7_ch0_up","Min",0.1472,43,43
"1631","24_05_08_cell7_ch0_up","Min",0.146,44,44
"1632","24_05_08_cell7_ch0_up","Min",0.1559,45,45
"1633","24_05_08_cell7_ch0_up","Min",0.1425,46,46
"1634","24_05_08_cell7_ch0_up","Min",0.1315,47,47
"1635","24_05_08_cell7_ch0_up","Min",0.1713,48,48
"1636","24_05_08_cell7_ch0_up","Min",0.1514,49,49
"1637","24_05_08_cell7_ch0_up","Min",0.1401,50,50
"1638","24_05_08_cell7_ch0_up","Min",0.1483,51,51
"1639","24_05_08_cell7_ch0_up","Min",0.1449,52,52
"1640","24_05_08_cell7_ch0_up","Min",0.1402,53,53
"1641","24_05_08_cell7_ch0_up","Min",0.1846,54,54
"1642","24_05_08_cell7_ch0_up","Min",0.1766,55,55
"1643","24_05_08_cell7_ch0_up","Min",0.1546,56,56
"1644","24_05_08_cell7_ch0_up","Min",0.1829,57,57
"1645","24_05_08_cell7_ch0_up","Min",0.1724,58,58
"1646","24_05_08_cell7_ch0_up","Min",0.1633,59,59
"1647","24_05_08_cell7_ch0_up","Min",0.1778,60,60
"1648","24_05_08_cell7_ch0_up","Min",0.01,0,0
"1649","24_05_08_cell7_ch0_up","Min",0.0025,1,1
"1650","24_05_08_cell7_ch0_up","Min",0.006,2,2
"1651","24_05_08_cell7_ch0_up","Min",-0.0185,3,3
"1652","24_05_08_cell7_ch0_up","Min",0.0041,4,4
"1653","24_05_08_cell7_ch0_up","Min",0.0014,5,5
"1654","24_05_08_cell7_ch0_up","Min",0.0472,6,6
"1655","24_05_08_cell7_ch0_up","Min",0.0974,7,7
"1656","24_05_08_cell7_ch0_up","Min",0.1508,8,8
"1657","24_05_08_cell7_ch0_up","Min",0.151,9,9
"1658","24_05_08_cell7_ch0_up","Min",0.19,10,10
"1659","24_05_08_cell7_ch0_up","Min",0.1892,11,11
"1660","24_05_08_cell7_ch0_up","Min",0.1914,12,12
"1661","24_05_08_cell7_ch0_up","Min",0.1875,13,13
"1662","24_05_08_cell7_ch0_up","Min",0.1774,14,14
"1663","24_05_08_cell7_ch0_up","Min",0.1993,15,15
"1664","24_05_08_cell7_ch0_up","Min",0.1954,16,16
"1665","24_05_08_cell7_ch0_up","Min",0.1838,17,17
"1666","24_05_08_cell7_ch0_up","Min",0.2039,18,18
"1667","24_05_08_cell7_ch0_up","Min",0.1995,19,19
"1668","24_05_08_cell7_ch0_up","Min",0.1914,20,20
"1669","24_05_08_cell7_ch0_up","Min",0.2118,21,21
"1670","24_05_08_cell7_ch0_up","Min",0.2174,22,22
"1671","24_05_08_cell7_ch0_up","Min",0.1862,23,23
"1672","24_05_08_cell7_ch0_up","Min",0.2213,24,24
"1673","24_05_08_cell7_ch0_up","Min",0.2237,25,25
"1674","24_05_08_cell7_ch0_up","Min",0.1888,26,26
"1675","24_05_08_cell7_ch0_up","Min",0.2054,27,27
"1676","24_05_08_cell7_ch0_up","Min",0.1733,28,28
"1677","24_05_08_cell7_ch0_up","Min",0.1382,29,29
"1678","24_05_08_cell7_ch0_up","Min",0.1702,30,30
"1679","24_05_08_cell7_ch0_up","Min",0.1696,31,31
"1680","24_05_08_cell7_ch0_up","Min",0.1658,32,32
"1681","24_05_08_cell7_ch0_up","Min",0.2253,33,33
"1682","24_05_08_cell7_ch0_up","Min",0.2066,34,34
"1683","24_05_08_cell7_ch0_up","Min",0.1602,35,35
"1684","24_05_08_cell7_ch0_up","Min",0.191,36,36
"1685","24_05_08_cell7_ch0_up","Min",0.1762,37,37
"1686","24_05_08_cell7_ch0_up","Min",0.1389,38,38
"1687","24_05_08_cell7_ch0_up","Min",0.1662,39,39
"1688","24_05_08_cell7_ch0_up","Min",0.1518,40,40
"1689","24_05_08_cell7_ch0_up","Min",0.1252,41,41
"1690","24_05_08_cell7_ch0_up","Min",0.158,42,42
"1691","24_05_08_cell7_ch0_up","Min",0.1606,43,43
"1692","24_05_08_cell7_ch0_up","Min",0.1533,44,44
"1693","24_05_08_cell7_ch0_up","Min",0.162,45,45
"1694","24_05_08_cell7_ch0_up","Min",0.1445,46,46
"1695","24_05_08_cell7_ch0_up","Min",0.1364,47,47
"1696","24_05_08_cell7_ch0_up","Min",0.176,48,48
"1697","24_05_08_cell7_ch0_up","Min",0.157,49,49
"1698","24_05_08_cell7_ch0_up","Min",0.147,50,50
"1699","24_05_08_cell7_ch0_up","Min",0.1663,51,51
"1700","24_05_08_cell7_ch0_up","Min",0.1593,52,52
"1701","24_05_08_cell7_ch0_up","Min",0.1508,53,53
"1702","24_05_08_cell7_ch0_up","Min",0.1648,54,54
"1703","24_05_08_cell7_ch0_up","Min",0.1875,55,55
"1704","24_05_08_cell7_ch0_up","Min",0.1458,56,56
"1705","24_05_08_cell7_ch0_up","Min",0.1772,57,57
"1706","24_05_08_cell7_ch0_up","Min",0.1936,58,58
"1707","24_05_08_cell7_ch0_up","Min",0.1739,59,59
"1708","24_05_08_cell7_ch0_up","Min",0.183,60,60
"1709","24_05_9_cell01_ch0","Min",0.0074,0,0
"1710","24_05_9_cell01_ch0","Min",-0.0063,1,1
"1711","24_05_9_cell01_ch0","Min",-0.0011,2,2
"1712","24_05_9_cell01_ch0","Min",0.0048,3,3
"1713","24_05_9_cell01_ch0","Min",0.0194,4,4
"1714","24_05_9_cell01_ch0","Min",0.0149,5,5
"1715","24_05_9_cell01_ch0","Min",0.0292,6,6
"1716","24_05_9_cell01_ch0","Min",0.0321,7,7
"1717","24_05_9_cell01_ch0","Min",0.0607,8,8
"1718","24_05_9_cell01_ch0","Min",0.1025,9,9
"1719","24_05_9_cell01_ch0","Min",0.1176,10,10
"1720","24_05_9_cell01_ch0","Min",0.1433,11,11
"1721","24_05_9_cell01_ch0","Min",0.1881,12,12
"1722","24_05_9_cell01_ch0","Min",0.21,13,13
"1723","24_05_9_cell01_ch0","Min",0.2307,14,14
"1724","24_05_9_cell01_ch0","Min",0.2362,15,15
"1725","24_05_9_cell01_ch0","Min",0.2679,16,16
"1726","24_05_9_cell01_ch0","Min",0.2853,17,17
"1727","24_05_9_cell01_ch0","Min",0.337,18,18
"1728","24_05_9_cell01_ch0","Min",0.3525,19,19
"1729","24_05_9_cell01_ch0","Min",0.3467,20,20
"1730","24_05_9_cell01_ch0","Min",0.3717,21,21
"1731","24_05_9_cell01_ch0","Min",0.4011,22,22
"1732","24_05_9_cell01_ch0","Min",0.4077,23,23
"1733","24_05_9_cell01_ch0","Min",0.4131,24,24
"1734","24_05_9_cell01_ch0","Min",0.4427,25,25
"1735","24_05_9_cell01_ch0","Min",0.3896,26,26
"1736","24_05_9_cell01_ch0","Min",0.3661,27,27
"1737","24_05_9_cell01_ch0","Min",0.3029,28,28
"1738","24_05_9_cell01_ch0","Min",0.2759,29,29
"1739","24_05_9_cell01_ch0","Min",0.2469,30,30
"1740","24_05_9_cell01_ch0","Min",0.2199,31,31
"1741","24_05_9_cell01_ch0","Min",0.2101,32,32
"1742","24_05_9_cell01_ch0","Min",0.2142,33,33
"1743","24_05_9_cell01_ch0","Min",0.1593,34,34
"1744","24_05_9_cell01_ch0","Min",0.1635,35,35
"1745","24_05_9_cell01_ch0","Min",0.1542,36,36
"1746","24_05_9_cell01_ch0","Min",0.1688,37,37
"1747","24_05_9_cell01_ch0","Min",0.1608,38,38
"1748","24_05_9_cell01_ch0","Min",0.1599,39,39
"1749","24_05_9_cell01_ch0","Min",0.1472,40,40
"1750","24_05_9_cell01_ch0","Min",0.1526,41,41
"1751","24_05_9_cell01_ch0","Min",0.1168,42,42
"1752","24_05_9_cell01_ch0","Min",0.1422,43,43
"1753","24_05_9_cell01_ch0","Min",0.137,44,44
"1754","24_05_9_cell01_ch0","Min",0.1264,45,45
"1755","24_05_9_cell01_ch0","Min",0.1327,46,46
"1756","24_05_9_cell01_ch0","Min",0.136,47,47
"1757","24_05_9_cell01_ch0","Min",0.1324,48,48
"1758","24_05_9_cell01_ch0","Min",0.1418,49,49
"1759","24_05_9_cell01_ch0","Min",0.1399,50,50
"1760","24_05_9_cell01_ch0","Min",0.1438,51,51
"1761","24_05_9_cell01_ch0","Min",0.1362,52,52
"1762","24_05_9_cell01_ch0","Min",0.131,53,53
"1763","24_05_9_cell01_ch0","Min",0.1442,54,54
"1764","24_05_9_cell01_ch0","Min",0.1403,55,55
"1765","24_05_9_cell01_ch0","Min",0.1443,56,56
"1766","24_05_9_cell01_ch0","Min",0.1484,57,57
"1767","24_05_9_cell01_ch0","Min",0.1528,58,58
"1768","24_05_9_cell01_ch0","Min",0.1486,59,59
"1769","24_05_9_cell01_ch0","Min",0.1491,60,60
"1770","24_05_9_cell01_ch0","Min",-0.0063,0,0
"1771","24_05_9_cell01_ch0","Min",-0.0022,1,1
"1772","24_05_9_cell01_ch0","Min",0.0084,2,2
"1773","24_05_9_cell01_ch0","Min",0.005,3,3
"1774","24_05_9_cell01_ch0","Min",0.0126,4,4
"1775","24_05_9_cell01_ch0","Min",0.022,5,5
"1776","24_05_9_cell01_ch0","Min",0.027,6,6
"1777","24_05_9_cell01_ch0","Min",0.0185,7,7
"1778","24_05_9_cell01_ch0","Min",0.0358,8,8
"1779","24_05_9_cell01_ch0","Min",0.0766,9,9
"1780","24_05_9_cell01_ch0","Min",0.0907,10,10
"1781","24_05_9_cell01_ch0","Min",0.1194,11,11
"1782","24_05_9_cell01_ch0","Min",0.1635,12,12
"1783","24_05_9_cell01_ch0","Min",0.1681,13,13
"1784","24_05_9_cell01_ch0","Min",0.2008,14,14
"1785","24_05_9_cell01_ch0","Min",0.2098,15,15
"1786","24_05_9_cell01_ch0","Min",0.2345,16,16
"1787","24_05_9_cell01_ch0","Min",0.2398,17,17
"1788","24_05_9_cell01_ch0","Min",0.2636,18,18
"1789","24_05_9_cell01_ch0","Min",0.2814,19,19
"1790","24_05_9_cell01_ch0","Min",0.2934,20,20
"1791","24_05_9_cell01_ch0","Min",0.3161,21,21
"1792","24_05_9_cell01_ch0","Min",0.3389,22,22
"1793","24_05_9_cell01_ch0","Min",0.346,23,23
"1794","24_05_9_cell01_ch0","Min",0.3517,24,24
"1795","24_05_9_cell01_ch0","Min",0.3783,25,25
"1796","24_05_9_cell01_ch0","Min",0.3494,26,26
"1797","24_05_9_cell01_ch0","Min",0.3286,27,27
"1798","24_05_9_cell01_ch0","Min",0.2876,28,28
"1799","24_05_9_cell01_ch0","Min",0.2674,29,29
"1800","24_05_9_cell01_ch0","Min",0.254,30,30
"1801","24_05_9_cell01_ch0","Min",0.2276,31,31
"1802","24_05_9_cell01_ch0","Min",0.2101,32,32
"1803","24_05_9_cell01_ch0","Min",0.2051,33,33
"1804","24_05_9_cell01_ch0","Min",0.1721,34,34
"1805","24_05_9_cell01_ch0","Min",0.1691,35,35
"1806","24_05_9_cell01_ch0","Min",0.1591,36,36
"1807","24_05_9_cell01_ch0","Min",0.159,37,37
"1808","24_05_9_cell01_ch0","Min",0.1506,38,38
"1809","24_05_9_cell01_ch0","Min",0.1518,39,39
"1810","24_05_9_cell01_ch0","Min",0.1329,40,40
"1811","24_05_9_cell01_ch0","Min",0.1174,41,41
"1812","24_05_9_cell01_ch0","Min",0.1051,42,42
"1813","24_05_9_cell01_ch0","Min",0.1257,43,43
"1814","24_05_9_cell01_ch0","Min",0.1182,44,44
"1815","24_05_9_cell01_ch0","Min",0.1075,45,45
"1816","24_05_9_cell01_ch0","Min",0.1211,46,46
"1817","24_05_9_cell01_ch0","Min",0.12,47,47
"1818","24_05_9_cell01_ch0","Min",0.1168,48,48
"1819","24_05_9_cell01_ch0","Min",0.1148,49,49
"1820","24_05_9_cell01_ch0","Min",0.1188,50,50
"1821","24_05_9_cell01_ch0","Min",0.1223,51,51
"1822","24_05_9_cell01_ch0","Min",0.1166,52,52
"1823","24_05_9_cell01_ch0","Min",0.1046,53,53
"1824","24_05_9_cell01_ch0","Min",0.117,54,54
"1825","24_05_9_cell01_ch0","Min",0.1119,55,55
"1826","24_05_9_cell01_ch0","Min",0.1213,56,56
"1827","24_05_9_cell01_ch0","Min",0.1188,57,57
"1828","24_05_9_cell01_ch0","Min",0.1188,58,58
"1829","24_05_9_cell01_ch0","Min",0.1139,59,59
"1830","24_05_9_cell01_ch0","Min",0.1172,60,60
"1831","24_05_9_cell01_ch0","Min",-0.0113,0,0
"1832","24_05_9_cell01_ch0","Min",-0.0014,1,1
"1833","24_05_9_cell01_ch0","Min",0.0127,2,2
"1834","24_05_9_cell01_ch0","Min",0.1091,3,3
"1835","24_05_9_cell01_ch0","Min",0.0387,4,4
"1836","24_05_9_cell01_ch0","Min",0.0244,5,5
"1837","24_05_9_cell01_ch0","Min",0.0101,6,6
"1838","24_05_9_cell01_ch0","Min",0.0083,7,7
"1839","24_05_9_cell01_ch0","Min",0.0689,8,8
"1840","24_05_9_cell01_ch0","Min",0.1478,9,9
"1841","24_05_9_cell01_ch0","Min",0.1846,10,10
"1842","24_05_9_cell01_ch0","Min",0.236,11,11
"1843","24_05_9_cell01_ch0","Min",0.3143,12,12
"1844","24_05_9_cell01_ch0","Min",0.361,13,13
"1845","24_05_9_cell01_ch0","Min",0.4729,14,14
"1846","24_05_9_cell01_ch0","Min",0.4895,15,15
"1847","24_05_9_cell01_ch0","Min",0.5032,16,16
"1848","24_05_9_cell01_ch0","Min",0.5455,17,17
"1849","24_05_9_cell01_ch0","Min",0.5367,18,18
"1850","24_05_9_cell01_ch0","Min",0.5932,19,19
"1851","24_05_9_cell01_ch0","Min",0.6231,20,20
"1852","24_05_9_cell01_ch0","Min",0.6099,21,21
"1853","24_05_9_cell01_ch0","Min",0.634,22,22
"1854","24_05_9_cell01_ch0","Min",0.6196,23,23
"1855","24_05_9_cell01_ch0","Min",0.6436,24,24
"1856","24_05_9_cell01_ch0","Min",0.6571,25,25
"1857","24_05_9_cell01_ch0","Min",0.6347,26,26
"1858","24_05_9_cell01_ch0","Min",0.582,27,27
"1859","24_05_9_cell01_ch0","Min",0.4882,28,28
"1860","24_05_9_cell01_ch0","Min",0.4336,29,29
"1861","24_05_9_cell01_ch0","Min",0.3628,30,30
"1862","24_05_9_cell01_ch0","Min",0.3082,31,31
"1863","24_05_9_cell01_ch0","Min",0.26,32,32
"1864","24_05_9_cell01_ch0","Min",0.2455,33,33
"1865","24_05_9_cell01_ch0","Min",0.1982,34,34
"1866","24_05_9_cell01_ch0","Min",0.2056,35,35
"1867","24_05_9_cell01_ch0","Min",0.1764,36,36
"1868","24_05_9_cell01_ch0","Min",0.2897,37,37
"1869","24_05_9_cell01_ch0","Min",0.4141,38,38
"1870","24_05_9_cell01_ch0","Min",0.2885,39,39
"1871","24_05_9_cell01_ch0","Min",0.1969,40,40
"1872","24_05_9_cell01_ch0","Min",0.1485,41,41
"1873","24_05_9_cell01_ch0","Min",0.1333,42,42
"1874","24_05_9_cell01_ch0","Min",0.1339,43,43
"1875","24_05_9_cell01_ch0","Min",0.1224,44,44
"1876","24_05_9_cell01_ch0","Min",0.1158,45,45
"1877","24_05_9_cell01_ch0","Min",0.1762,46,46
"1878","24_05_9_cell01_ch0","Min",0.175,47,47
"1879","24_05_9_cell01_ch0","Min",0.1495,48,48
"1880","24_05_9_cell01_ch0","Min",0.1412,49,49
"1881","24_05_9_cell01_ch0","Min",0.1467,50,50
"1882","24_05_9_cell01_ch0","Min",0.1658,51,51
"1883","24_05_9_cell01_ch0","Min",0.1725,52,52
"1884","24_05_9_cell01_ch0","Min",0.1575,53,53
"1885","24_05_9_cell01_ch0","Min",0.1769,54,54
"1886","24_05_9_cell01_ch0","Min",0.1585,55,55
"1887","24_05_9_cell01_ch0","Min",0.1841,56,56
"1888","24_05_9_cell01_ch0","Min",0.2045,57,57
"1889","24_05_9_cell01_ch0","Min",0.1809,58,58
"1890","24_05_9_cell01_ch0","Min",0.1859,59,59
"1891","24_05_9_cell01_ch0","Min",0.1728,60,60
"1892","24_05_9_cell01_ch0","Min",-0.0079,0,0
"1893","24_05_9_cell01_ch0","Min",0.0016,1,1
"1894","24_05_9_cell01_ch0","Min",0.0063,2,2
"1895","24_05_9_cell01_ch0","Min",0.0469,3,3
"1896","24_05_9_cell01_ch0","Min",0.0217,4,4
"1897","24_05_9_cell01_ch0","Min",0.0177,5,5
"1898","24_05_9_cell01_ch0","Min",0.0214,6,6
"1899","24_05_9_cell01_ch0","Min",0.0018,7,7
"1900","24_05_9_cell01_ch0","Min",0.0192,8,8
"1901","24_05_9_cell01_ch0","Min",0.0826,9,9
"1902","24_05_9_cell01_ch0","Min",0.1049,10,10
"1903","24_05_9_cell01_ch0","Min",0.1134,11,11
"1904","24_05_9_cell01_ch0","Min",0.1622,12,12
"1905","24_05_9_cell01_ch0","Min",0.1849,13,13
"1906","24_05_9_cell01_ch0","Min",0.2535,14,14
"1907","24_05_9_cell01_ch0","Min",0.2823,15,15
"1908","24_05_9_cell01_ch0","Min",0.2751,16,16
"1909","24_05_9_cell01_ch0","Min",0.3163,17,17
"1910","24_05_9_cell01_ch0","Min",0.3038,18,18
"1911","24_05_9_cell01_ch0","Min",0.3628,19,19
"1912","24_05_9_cell01_ch0","Min",0.3586,20,20
"1913","24_05_9_cell01_ch0","Min",0.3589,21,21
"1914","24_05_9_cell01_ch0","Min",0.3861,22,22
"1915","24_05_9_cell01_ch0","Min",0.3692,23,23
"1916","24_05_9_cell01_ch0","Min",0.3854,24,24
"1917","24_05_9_cell01_ch0","Min",0.403,25,25
"1918","24_05_9_cell01_ch0","Min",0.3834,26,26
"1919","24_05_9_cell01_ch0","Min",0.3533,27,27
"1920","24_05_9_cell01_ch0","Min",0.2987,28,28
"1921","24_05_9_cell01_ch0","Min",0.2661,29,29
"1922","24_05_9_cell01_ch0","Min",0.2375,30,30
"1923","24_05_9_cell01_ch0","Min",0.2247,31,31
"1924","24_05_9_cell01_ch0","Min",0.1889,32,32
"1925","24_05_9_cell01_ch0","Min",0.2042,33,33
"1926","24_05_9_cell01_ch0","Min",0.1533,34,34
"1927","24_05_9_cell01_ch0","Min",0.1527,35,35
"1928","24_05_9_cell01_ch0","Min",0.1407,36,36
"1929","24_05_9_cell01_ch0","Min",0.1745,37,37
"1930","24_05_9_cell01_ch0","Min",0.2398,38,38
"1931","24_05_9_cell01_ch0","Min",0.2093,39,39
"1932","24_05_9_cell01_ch0","Min",0.1628,40,40
"1933","24_05_9_cell01_ch0","Min",0.1372,41,41
"1934","24_05_9_cell01_ch0","Min",0.1179,42,42
"1935","24_05_9_cell01_ch0","Min",0.1437,43,43
"1936","24_05_9_cell01_ch0","Min",0.1289,44,44
"1937","24_05_9_cell01_ch0","Min",0.1462,45,45
"1938","24_05_9_cell01_ch0","Min",0.1598,46,46
"1939","24_05_9_cell01_ch0","Min",0.1647,47,47
"1940","24_05_9_cell01_ch0","Min",0.1602,48,48
"1941","24_05_9_cell01_ch0","Min",0.1571,49,49
"1942","24_05_9_cell01_ch0","Min",0.1573,50,50
"1943","24_05_9_cell01_ch0","Min",0.1681,51,51
"1944","24_05_9_cell01_ch0","Min",0.1711,52,52
"1945","24_05_9_cell01_ch0","Min",0.1704,53,53
"1946","24_05_9_cell01_ch0","Min",0.1825,54,54
"1947","24_05_9_cell01_ch0","Min",0.1847,55,55
"1948","24_05_9_cell01_ch0","Min",0.1995,56,56
"1949","24_05_9_cell01_ch0","Min",0.2046,57,57
"1950","24_05_9_cell01_ch0","Min",0.1928,58,58
"1951","24_05_9_cell01_ch0","Min",0.1931,59,59
"1952","24_05_9_cell01_ch0","Min",0.2062,60,60
"1953","24_05_9_cell02_ch0","Min",-0.0068,0,0
"1954","24_05_9_cell02_ch0","Min",0.0074,1,1
"1955","24_05_9_cell02_ch0","Min",-5e-04,2,2
"1956","24_05_9_cell02_ch0","Min",0.0016,3,3
"1957","24_05_9_cell02_ch0","Min",0.037,4,4
"1958","24_05_9_cell02_ch0","Min",0.0265,5,5
"1959","24_05_9_cell02_ch0","Min",0.0346,6,6
"1960","24_05_9_cell02_ch0","Min",0.0913,7,7
"1961","24_05_9_cell02_ch0","Min",0.1313,8,8
"1962","24_05_9_cell02_ch0","Min",0.2046,9,9
"1963","24_05_9_cell02_ch0","Min",0.2368,10,10
"1964","24_05_9_cell02_ch0","Min",0.2695,11,11
"1965","24_05_9_cell02_ch0","Min",0.3103,12,12
"1966","24_05_9_cell02_ch0","Min",0.3171,13,13
"1967","24_05_9_cell02_ch0","Min",0.3322,14,14
"1968","24_05_9_cell02_ch0","Min",0.3503,15,15
"1969","24_05_9_cell02_ch0","Min",0.3917,16,16
"1970","24_05_9_cell02_ch0","Min",0.4419,17,17
"1971","24_05_9_cell02_ch0","Min",0.4645,18,18
"1972","24_05_9_cell02_ch0","Min",0.4833,19,19
"1973","24_05_9_cell02_ch0","Min",0.5069,20,20
"1974","24_05_9_cell02_ch0","Min",0.5117,21,21
"1975","24_05_9_cell02_ch0","Min",0.5302,22,22
"1976","24_05_9_cell02_ch0","Min",0.5737,23,23
"1977","24_05_9_cell02_ch0","Min",0.6108,24,24
"1978","24_05_9_cell02_ch0","Min",0.6106,25,25
"1979","24_05_9_cell02_ch0","Min",0.6108,26,26
"1980","24_05_9_cell02_ch0","Min",0.5041,27,27
"1981","24_05_9_cell02_ch0","Min",0.4789,28,28
"1982","24_05_9_cell02_ch0","Min",0.4889,29,29
"1983","24_05_9_cell02_ch0","Min",0.5099,30,30
"1984","24_05_9_cell02_ch0","Min",0.4867,31,31
"1985","24_05_9_cell02_ch0","Min",0.528,32,32
"1986","24_05_9_cell02_ch0","Min",0.5345,33,33
"1987","24_05_9_cell02_ch0","Min",0.5408,34,34
"1988","24_05_9_cell02_ch0","Min",0.5275,35,35
"1989","24_05_9_cell02_ch0","Min",0.5585,36,36
"1990","24_05_9_cell02_ch0","Min",0.5619,37,37
"1991","24_05_9_cell02_ch0","Min",0.589,38,38
"1992","24_05_9_cell02_ch0","Min",0.5919,39,39
"1993","24_05_9_cell02_ch0","Min",0.5952,40,40
"1994","24_05_9_cell02_ch0","Min",0.5714,41,41
"1995","24_05_9_cell02_ch0","Min",0.5441,42,42
"1996","24_05_9_cell02_ch0","Min",0.5558,43,43
"1997","24_05_9_cell02_ch0","Min",0.5284,44,44
"1998","24_05_9_cell02_ch0","Min",0.5408,45,45
"1999","24_05_9_cell02_ch0","Min",0.5183,46,46
"2000","24_05_9_cell02_ch0","Min",0.5366,47,47
"2001","24_05_9_cell02_ch0","Min",0.509,48,48
"2002","24_05_9_cell02_ch0","Min",0.5098,49,49
"2003","24_05_9_cell02_ch0","Min",0.4958,50,50
"2004","24_05_9_cell02_ch0","Min",0.4691,51,51
"2005","24_05_9_cell02_ch0","Min",0.4585,52,52
"2006","24_05_9_cell02_ch0","Min",0.4477,53,53
"2007","24_05_9_cell02_ch0","Min",0.4362,54,54
"2008","24_05_9_cell02_ch0","Min",0.4429,55,55
"2009","24_05_9_cell02_ch0","Min",0.4779,56,56
"2010","24_05_9_cell02_ch0","Min",0.4651,57,57
"2011","24_05_9_cell02_ch0","Min",0.4622,58,58
"2012","24_05_9_cell02_ch0","Min",0.459,59,59
"2013","24_05_9_cell02_ch0","Min",0.4438,60,60
"2014","24_05_9_cell02_ch0","Min",-0.0168,0,0
"2015","24_05_9_cell02_ch0","Min",0.0051,1,1
"2016","24_05_9_cell02_ch0","Min",0.0116,2,2
"2017","24_05_9_cell02_ch0","Min",0.0099,3,3
"2018","24_05_9_cell02_ch0","Min",0.0279,4,4
"2019","24_05_9_cell02_ch0","Min",0.0324,5,5
"2020","24_05_9_cell02_ch0","Min",0.1085,6,6
"2021","24_05_9_cell02_ch0","Min",0.2656,7,7
"2022","24_05_9_cell02_ch0","Min",0.4367,8,8
"2023","24_05_9_cell02_ch0","Min",0.5814,9,9
"2024","24_05_9_cell02_ch0","Min",0.6333,10,10
"2025","24_05_9_cell02_ch0","Min",0.6519,11,11
"2026","24_05_9_cell02_ch0","Min",0.6689,12,12
"2027","24_05_9_cell02_ch0","Min",0.7112,13,13
"2028","24_05_9_cell02_ch0","Min",0.7373,14,14
"2029","24_05_9_cell02_ch0","Min",0.7131,15,15
"2030","24_05_9_cell02_ch0","Min",0.7154,16,16
"2031","24_05_9_cell02_ch0","Min",0.7741,17,17
"2032","24_05_9_cell02_ch0","Min",0.7929,18,18
"2033","24_05_9_cell02_ch0","Min",0.7961,19,19
"2034","24_05_9_cell02_ch0","Min",0.8076,20,20
"2035","24_05_9_cell02_ch0","Min",0.826,21,21
"2036","24_05_9_cell02_ch0","Min",0.8008,22,22
"2037","24_05_9_cell02_ch0","Min",0.8264,23,23
"2038","24_05_9_cell02_ch0","Min",0.8338,24,24
"2039","24_05_9_cell02_ch0","Min",0.8564,25,25
"2040","24_05_9_cell02_ch0","Min",0.8087,26,26
"2041","24_05_9_cell02_ch0","Min",0.5841,27,27
"2042","24_05_9_cell02_ch0","Min",0.5035,28,28
"2043","24_05_9_cell02_ch0","Min",0.3914,29,29
"2044","24_05_9_cell02_ch0","Min",0.3386,30,30
"2045","24_05_9_cell02_ch0","Min",0.3419,31,31
"2046","24_05_9_cell02_ch0","Min",0.3245,32,32
"2047","24_05_9_cell02_ch0","Min",0.326,33,33
"2048","24_05_9_cell02_ch0","Min",0.3329,34,34
"2049","24_05_9_cell02_ch0","Min",0.3381,35,35
"2050","24_05_9_cell02_ch0","Min",0.3443,36,36
"2051","24_05_9_cell02_ch0","Min",0.3364,37,37
"2052","24_05_9_cell02_ch0","Min",0.32,38,38
"2053","24_05_9_cell02_ch0","Min",0.3411,39,39
"2054","24_05_9_cell02_ch0","Min",0.3368,40,40
"2055","24_05_9_cell02_ch0","Min",0.3389,41,41
"2056","24_05_9_cell02_ch0","Min",0.3306,42,42
"2057","24_05_9_cell02_ch0","Min",0.3378,43,43
"2058","24_05_9_cell02_ch0","Min",0.3388,44,44
"2059","24_05_9_cell02_ch0","Min",0.3544,45,45
"2060","24_05_9_cell02_ch0","Min",0.3621,46,46
"2061","24_05_9_cell02_ch0","Min",0.3939,47,47
"2062","24_05_9_cell02_ch0","Min",0.371,48,48
"2063","24_05_9_cell02_ch0","Min",0.3722,49,49
"2064","24_05_9_cell02_ch0","Min",0.3612,50,50
"2065","24_05_9_cell02_ch0","Min",0.365,51,51
"2066","24_05_9_cell02_ch0","Min",0.3703,52,52
"2067","24_05_9_cell02_ch0","Min",0.376,53,53
"2068","24_05_9_cell02_ch0","Min",0.3672,54,54
"2069","24_05_9_cell02_ch0","Min",0.3804,55,55
"2070","24_05_9_cell02_ch0","Min",0.4109,56,56
"2071","24_05_9_cell02_ch0","Min",0.3974,57,57
"2072","24_05_9_cell02_ch0","Min",0.3995,58,58
"2073","24_05_9_cell02_ch0","Min",0.4247,59,59
"2074","24_05_9_cell02_ch0","Min",0.4286,60,60
"2075","24_05_9_cell02_ch0","Min",-0.0083,0,0
"2076","24_05_9_cell02_ch0","Min",0.002,1,1
"2077","24_05_9_cell02_ch0","Min",0.0063,2,2
"2078","24_05_9_cell02_ch0","Min",0.0348,3,3
"2079","24_05_9_cell02_ch0","Min",0.0507,4,4
"2080","24_05_9_cell02_ch0","Min",0.0375,5,5
"2081","24_05_9_cell02_ch0","Min",0.0853,6,6
"2082","24_05_9_cell02_ch0","Min",0.2333,7,7
"2083","24_05_9_cell02_ch0","Min",0.3554,8,8
"2084","24_05_9_cell02_ch0","Min",0.4028,9,9
"2085","24_05_9_cell02_ch0","Min",0.47,10,10
"2086","24_05_9_cell02_ch0","Min",0.487,11,11
"2087","24_05_9_cell02_ch0","Min",0.5245,12,12
"2088","24_05_9_cell02_ch0","Min",0.5139,13,13
"2089","24_05_9_cell02_ch0","Min",0.5373,14,14
"2090","24_05_9_cell02_ch0","Min",0.5645,15,15
"2091","24_05_9_cell02_ch0","Min",0.5846,16,16
"2092","24_05_9_cell02_ch0","Min",0.5939,17,17
"2093","24_05_9_cell02_ch0","Min",0.5964,18,18
"2094","24_05_9_cell02_ch0","Min",0.6271,19,19
"2095","24_05_9_cell02_ch0","Min",0.6526,20,20
"2096","24_05_9_cell02_ch0","Min",0.6532,21,21
"2097","24_05_9_cell02_ch0","Min",0.6809,22,22
"2098","24_05_9_cell02_ch0","Min",0.7268,23,23
"2099","24_05_9_cell02_ch0","Min",0.7015,24,24
"2100","24_05_9_cell02_ch0","Min",0.6996,25,25
"2101","24_05_9_cell02_ch0","Min",0.6613,26,26
"2102","24_05_9_cell02_ch0","Min",0.5007,27,27
"2103","24_05_9_cell02_ch0","Min",0.4698,28,28
"2104","24_05_9_cell02_ch0","Min",0.3732,29,29
"2105","24_05_9_cell02_ch0","Min",0.3267,30,30
"2106","24_05_9_cell02_ch0","Min",0.4119,31,31
"2107","24_05_9_cell02_ch0","Min",0.355,32,32
"2108","24_05_9_cell02_ch0","Min",0.3225,33,33
"2109","24_05_9_cell02_ch0","Min",0.3232,34,34
"2110","24_05_9_cell02_ch0","Min",0.3123,35,35
"2111","24_05_9_cell02_ch0","Min",0.3743,36,36
"2112","24_05_9_cell02_ch0","Min",0.4023,37,37
"2113","24_05_9_cell02_ch0","Min",0.4086,38,38
"2114","24_05_9_cell02_ch0","Min",0.4323,39,39
"2115","24_05_9_cell02_ch0","Min",0.409,40,40
"2116","24_05_9_cell02_ch0","Min",0.3769,41,41
"2117","24_05_9_cell02_ch0","Min",0.3509,42,42
"2118","24_05_9_cell02_ch0","Min",0.3383,43,43
"2119","24_05_9_cell02_ch0","Min",0.379,44,44
"2120","24_05_9_cell02_ch0","Min",0.36,45,45
"2121","24_05_9_cell02_ch0","Min",0.3603,46,46
"2122","24_05_9_cell02_ch0","Min",0.4003,47,47
"2123","24_05_9_cell02_ch0","Min",0.3765,48,48
"2124","24_05_9_cell02_ch0","Min",0.3701,49,49
"2125","24_05_9_cell02_ch0","Min",0.3629,50,50
"2126","24_05_9_cell02_ch0","Min",0.3755,51,51
"2127","24_05_9_cell02_ch0","Min",0.3751,52,52
"2128","24_05_9_cell02_ch0","Min",0.3707,53,53
"2129","24_05_9_cell02_ch0","Min",0.3725,54,54
"2130","24_05_9_cell02_ch0","Min",0.3802,55,55
"2131","24_05_9_cell02_ch0","Min",0.4065,56,56
"2132","24_05_9_cell02_ch0","Min",0.3878,57,57
"2133","24_05_9_cell02_ch0","Min",0.3833,58,58
"2134","24_05_9_cell02_ch0","Min",0.3964,59,59
"2135","24_05_9_cell02_ch0","Min",0.3992,60,60
